Div,Date,HomeTeam,AwayTeam,FTHG,FTAG,FTR,HTHG,HTAG,HTR,Referee,HS,AS,HST,AST,HF,AF,HC,AC,HY,AY,HR,AR,B365H,B365D,B365A,BWH,BWD,BWA,GBH,GBD,GBA,IWH,IWD,IWA,LBH,LBD,LBA,SBH,SBD,SBA,WHH,WHD,WHA,SJH,SJD,SJA,VCH,VCD,VCA,BSH,BSD,BSA,Bb1X2,BbMxH,BbAvH,BbMxD,BbAvD,BbMxA,BbAvA,BbOU,BbMx>2.5,BbAv>2.5,BbMx<2.5,BbAv<2.5,BbAH,BbAHh,BbMxAHH,BbAvAHH,BbMxAHA,BbAvAHA,Season
E0,11/08/2023,Burnley,Man City,0,3,A,0.0,2.0,A,C Pawson,6.0,17.0,1.0,8.0,11.0,8.0,6.0,5.0,0.0,0.0,1.0,0.0,8.0,5.5,1.33,,,,,,,,,,,,,,,,,,,,,,,,,,,,,,,,,,,,,,,,,,,,,,2023-24
E0,12/08/2023,Arsenal,Nott'm Forest,2,1,H,2.0,0.0,H,M Oliver,15.0,6.0,7.0,2.0,12.0,12.0,8.0,3.0,2.0,2.0,0.0,0.0,1.18,7.0,15.0,,,,,,,,,,,,,,,,,,,,,,,,,,,,,,,,,,,,,,,,,,,,,,2023-24
E0,12/08/2023,Bournemouth,West Ham,1,1,D,0.0,0.0,D,P Bankes,14.0,16.0,5.0,3.0,9.0,14.0,10.0,4.0,1.0,4.0,0.0,0.0,2.7,3.4,2.55,,,,,,,,,,,,,,,,,,,,,,,,,,,,,,,,,,,,,,,,,,,,,,2023-24
E0,12/08/2023,Brighton,Luton,4,1,H,1.0,0.0,H,D Coote,27.0,9.0,12.0,3.0,11.0,12.0,6.0,7.0,2.0,2.0,0.0,0.0,1.33,5.5,9.0,,,,,,,,,,,,,,,,,,,,,,,,,,,,,,,,,,,,,,,,,,,,,,2023-24
E0,12/08/2023,Everton,Fulham,0,1,A,0.0,0.0,D,S Attwell,19.0,9.0,9.0,2.0,12.0,6.0,10.0,4.0,0.0,2.0,0.0,0.0,2.2,3.4,3.3,,,,,,,,,,,,,,,,,,,,,,,,,,,,,,,,,,,,,,,,,,,,,,2023-24
E0,12/08/2023,Sheffield United,Crystal Palace,0,1,A,0.0,0.0,D,J Brooks,8.0,24.0,1.0,8.0,18.0,11.0,5.0,5.0,3.0,0.0,0.0,0.0,3.0,3.3,2.38,,,,,,,,,,,,,,,,,,,,,,,,,,,,,,,,,,,,,,,,,,,,,,2023-24
E0,12/08/2023,Newcastle,Aston Villa,5,1,H,2.0,1.0,H,A Madley,17.0,16.0,13.0,6.0,12.0,17.0,6.0,5.0,4.0,4.0,0.0,0.0,1.75,3.75,4.6,,,,,,,,,,,,,,,,,,,,,,,,,,,,,,,,,,,,,,,,,,,,,,2023-24
E0,13/08/2023,Brentford,Tottenham,2,2,D,2.0,2.0,D,R Jones,11.0,18.0,6.0,6.0,12.0,13.0,3.0,6.0,1.0,4.0,0.0,0.0,2.75,3.4,2.45,,,,,,,,,,,,,,,,,,,,,,,,,,,,,,,,,,,,,,,,,,,,,,2023-24
E0,13/08/2023,Chelsea,Liverpool,1,1,D,1.0,1.0,D,A Taylor,10.0,13.0,4.0,1.0,5.0,12.0,4.0,4.0,3.0,3.0,0.0,0.0,2.9,3.4,2.38,,,,,,,,,,,,,,,,,,,,,,,,,,,,,,,,,,,,,,,,,,,,,,2023-24
E0,14/08/2023,Man United,Wolves,1,0,H,0.0,0.0,D,S Hooper,15.0,23.0,3.0,6.0,14.0,10.0,8.0,7.0,2.0,3.0,0.0,0.0,1.33,5.5,9.0,,,,,,,,,,,,,,,,,,,,,,,,,,,,,,,,,,,,,,,,,,,,,,2023-24
E0,18/08/2023,Nott'm Forest,Sheffield United,2,1,H,1.0,0.0,H,P Bankes,16.0,7.0,4.0,3.0,5.0,9.0,6.0,7.0,2.0,3.0,0.0,0.0,1.95,3.4,4.0,,,,,,,,,,,,,,,,,,,,,,,,,,,,,,,,,,,,,,,,,,,,,,2023-24
E0,19/08/2023,Fulham,Brentford,0,3,A,0.0,1.0,A,D Bond,10.0,17.0,2.0,8.0,13.0,12.0,5.0,5.0,2.0,2.0,1.0,0.0,2.7,3.3,2.63,,,,,,,,,,,,,,,,,,,,,,,,,,,,,,,,,,,,,,,,,,,,,,2023-24
E0,19/08/2023,Liverpool,Bournemouth,3,1,H,2.0,1.0,H,T Bramall,26.0,13.0,10.0,5.0,11.0,13.0,10.0,2.0,1.0,3.0,1.0,0.0,1.2,7.0,13.0,,,,,,,,,,,,,,,,,,,,,,,,,,,,,,,,,,,,,,,,,,,,,,2023-24
E0,19/08/2023,Wolves,Brighton,1,4,A,0.0,1.0,A,A Madley,16.0,16.0,5.0,8.0,14.0,11.0,5.0,3.0,3.0,6.0,1.0,0.0,4.0,3.8,1.85,,,,,,,,,,,,,,,,,,,,,,,,,,,,,,,,,,,,,,,,,,,,,,2023-24
E0,19/08/2023,Tottenham,Man United,2,0,H,0.0,0.0,D,M Oliver,17.0,22.0,6.0,6.0,9.0,8.0,5.0,6.0,1.0,3.0,0.0,0.0,2.8,3.6,2.38,,,,,,,,,,,,,,,,,,,,,,,,,,,,,,,,,,,,,,,,,,,,,,2023-24
E0,19/08/2023,Man City,Newcastle,1,0,H,1.0,0.0,H,R Jones,14.0,7.0,4.0,1.0,12.0,11.0,3.0,0.0,1.0,5.0,0.0,0.0,1.67,4.0,5.0,,,,,,,,,,,,,,,,,,,,,,,,,,,,,,,,,,,,,,,,,,,,,,2023-24
E0,20/08/2023,Aston Villa,Everton,4,0,H,2.0,0.0,H,A Taylor,13.0,9.0,7.0,2.0,8.0,12.0,7.0,6.0,3.0,4.0,0.0,0.0,1.7,4.0,4.5,,,,,,,,,,,,,,,,,,,,,,,,,,,,,,,,,,,,,,,,,,,,,,2023-24
E0,20/08/2023,West Ham,Chelsea,3,1,H,1.0,1.0,D,J Brooks,12.0,17.0,6.0,4.0,12.0,9.0,3.0,9.0,2.0,3.0,1.0,0.0,3.75,3.5,2.0,,,,,,,,,,,,,,,,,,,,,,,,,,,,,,,,,,,,,,,,,,,,,,2023-24
E0,21/08/2023,Crystal Palace,Arsenal,0,1,A,0.0,0.0,D,D Coote,14.0,14.0,2.0,3.0,14.0,10.0,1.0,8.0,2.0,1.0,0.0,1.0,5.5,4.0,1.6,,,,,,,,,,,,,,,,,,,,,,,,,,,,,,,,,,,,,,,,,,,,,,2023-24
E0,25/08/2023,Chelsea,Luton,3,0,H,1.0,0.0,H,R Jones,19.0,11.0,8.0,1.0,15.0,12.0,6.0,4.0,2.0,3.0,0.0,0.0,1.29,5.5,11.0,,,,,,,,,,,,,,,,,,,,,,,,,,,,,,,,,,,,,,,,,,,,,,2023-24
E0,26/08/2023,Bournemouth,Tottenham,0,2,A,0.0,1.0,A,T Robinson,11.0,17.0,3.0,6.0,18.0,11.0,6.0,2.0,1.0,3.0,0.0,0.0,3.8,3.75,1.91,,,,,,,,,,,,,,,,,,,,,,,,,,,,,,,,,,,,,,,,,,,,,,2023-24
E0,26/08/2023,Arsenal,Fulham,2,2,D,0.0,1.0,A,P Tierney,19.0,8.0,11.0,3.0,6.0,5.0,8.0,3.0,0.0,3.0,0.0,1.0,1.2,7.0,13.0,,,,,,,,,,,,,,,,,,,,,,,,,,,,,,,,,,,,,,,,,,,,,,2023-24
E0,26/08/2023,Brentford,Crystal Palace,1,1,D,1.0,0.0,H,P Bankes,12.0,15.0,1.0,5.0,9.0,15.0,8.0,6.0,0.0,0.0,0.0,0.0,2.15,3.4,3.5,,,,,,,,,,,,,,,,,,,,,,,,,,,,,,,,,,,,,,,,,,,,,,2023-24
E0,26/08/2023,Everton,Wolves,0,1,A,0.0,0.0,D,C Pawson,15.0,11.0,7.0,2.0,10.0,14.0,7.0,0.0,3.0,4.0,0.0,0.0,2.3,3.3,3.2,,,,,,,,,,,,,,,,,,,,,,,,,,,,,,,,,,,,,,,,,,,,,,2023-24
E0,26/08/2023,Man United,Nott'm Forest,3,2,H,1.0,2.0,A,S Attwell,18.0,9.0,9.0,4.0,13.0,11.0,11.0,3.0,4.0,4.0,0.0,1.0,1.3,6.0,8.0,,,,,,,,,,,,,,,,,,,,,,,,,,,,,,,,,,,,,,,,,,,,,,2023-24
E0,26/08/2023,Brighton,West Ham,1,3,A,0.0,1.0,A,A Taylor,25.0,12.0,10.0,3.0,10.0,9.0,17.0,4.0,1.0,3.0,0.0,0.0,1.53,4.75,5.25,,,,,,,,,,,,,,,,,,,,,,,,,,,,,,,,,,,,,,,,,,,,,,2023-24
E0,27/08/2023,Burnley,Aston Villa,1,3,A,0.0,2.0,A,M Salisbury,9.0,16.0,2.0,6.0,12.0,11.0,4.0,6.0,2.0,0.0,0.0,0.0,3.4,3.4,2.15,,,,,,,,,,,,,,,,,,,,,,,,,,,,,,,,,,,,,,,,,,,,,,2023-24
E0,27/08/2023,Sheffield United,Man City,1,2,A,0.0,0.0,D,J Gillett,6.0,30.0,2.0,9.0,11.0,2.0,1.0,12.0,3.0,0.0,0.0,0.0,13.0,8.0,1.17,,,,,,,,,,,,,,,,,,,,,,,,,,,,,,,,,,,,,,,,,,,,,,2023-24
E0,27/08/2023,Newcastle,Liverpool,1,2,A,1.0,0.0,H,J Brooks,23.0,9.0,8.0,4.0,16.0,10.0,5.0,9.0,1.0,2.0,0.0,1.0,2.2,3.75,3.0,,,,,,,,,,,,,,,,,,,,,,,,,,,,,,,,,,,,,,,,,,,,,,2023-24
E0,01/09/2023,Luton,West Ham,1,2,A,0.0,1.0,A,P Tierney,16.0,9.0,1.0,3.0,8.0,13.0,9.0,6.0,1.0,1.0,0.0,0.0,4.75,3.8,1.73,,,,,,,,,,,,,,,,,,,,,,,,,,,,,,,,,,,,,,,,,,,,,,2023-24
E0,02/09/2023,Sheffield United,Everton,2,2,D,2.0,1.0,H,A Madley,13.0,16.0,8.0,6.0,11.0,13.0,4.0,6.0,1.0,2.0,0.0,0.0,2.9,3.25,2.5,,,,,,,,,,,,,,,,,,,,,,,,,,,,,,,,,,,,,,,,,,,,,,2023-24
E0,02/09/2023,Brentford,Bournemouth,2,2,D,1.0,1.0,D,R Madley,21.0,12.0,7.0,5.0,6.0,13.0,5.0,2.0,1.0,2.0,0.0,0.0,1.73,3.8,4.75,,,,,,,,,,,,,,,,,,,,,,,,,,,,,,,,,,,,,,,,,,,,,,2023-24
E0,02/09/2023,Burnley,Tottenham,2,5,A,1.0,2.0,A,D England,16.0,20.0,4.0,10.0,15.0,9.0,7.0,4.0,4.0,3.0,0.0,0.0,3.6,4.0,1.85,,,,,,,,,,,,,,,,,,,,,,,,,,,,,,,,,,,,,,,,,,,,,,2023-24
E0,02/09/2023,Chelsea,Nott'm Forest,0,1,A,0.0,0.0,D,T Robinson,21.0,7.0,2.0,3.0,10.0,9.0,8.0,0.0,3.0,4.0,0.0,0.0,1.4,4.5,8.5,,,,,,,,,,,,,,,,,,,,,,,,,,,,,,,,,,,,,,,,,,,,,,2023-24
E0,02/09/2023,Man City,Fulham,5,1,H,2.0,1.0,H,M Oliver,7.0,6.0,5.0,4.0,12.0,12.0,4.0,5.0,2.0,4.0,0.0,0.0,1.17,8.0,15.0,,,,,,,,,,,,,,,,,,,,,,,,,,,,,,,,,,,,,,,,,,,,,,2023-24
E0,02/09/2023,Brighton,Newcastle,3,1,H,1.0,0.0,H,S Attwell,15.0,9.0,6.0,2.0,14.0,17.0,5.0,3.0,4.0,4.0,0.0,0.0,2.5,3.8,2.55,,,,,,,,,,,,,,,,,,,,,,,,,,,,,,,,,,,,,,,,,,,,,,2023-24
E0,03/09/2023,Crystal Palace,Wolves,3,2,H,0.0,0.0,D,R Jones,16.0,12.0,11.0,4.0,12.0,12.0,4.0,2.0,1.0,3.0,0.0,0.0,1.91,3.3,4.33,,,,,,,,,,,,,,,,,,,,,,,,,,,,,,,,,,,,,,,,,,,,,,2023-24
E0,03/09/2023,Liverpool,Aston Villa,3,0,H,2.0,0.0,H,S Hooper,17.0,9.0,4.0,3.0,12.0,7.0,7.0,3.0,0.0,1.0,0.0,0.0,1.65,4.5,4.5,,,,,,,,,,,,,,,,,,,,,,,,,,,,,,,,,,,,,,,,,,,,,,2023-24
E0,03/09/2023,Arsenal,Man United,3,1,H,1.0,1.0,D,A Taylor,17.0,10.0,5.0,2.0,8.0,7.0,12.0,3.0,2.0,3.0,0.0,0.0,1.75,3.8,4.5,,,,,,,,,,,,,,,,,,,,,,,,,,,,,,,,,,,,,,,,,,,,,,2023-24
E0,16/09/2023,Wolves,Liverpool,1,3,A,1.0,0.0,H,M Oliver,11.0,16.0,2.0,6.0,10.0,4.0,4.0,4.0,1.0,3.0,0.0,0.0,6.0,5.0,1.45,,,,,,,,,,,,,,,,,,,,,,,,,,,,,,,,,,,,,,,,,,,,,,2023-24
E0,16/09/2023,Aston Villa,Crystal Palace,3,1,H,0.0,0.0,D,D England,16.0,6.0,5.0,3.0,13.0,9.0,4.0,2.0,5.0,3.0,0.0,0.0,1.91,3.6,4.0,,,,,,,,,,,,,,,,,,,,,,,,,,,,,,,,,,,,,,,,,,,,,,2023-24
E0,16/09/2023,Fulham,Luton,1,0,H,0.0,0.0,D,M Salisbury,13.0,7.0,2.0,2.0,6.0,14.0,6.0,2.0,2.0,2.0,0.0,0.0,1.67,3.75,5.5,,,,,,,,,,,,,,,,,,,,,,,,,,,,,,,,,,,,,,,,,,,,,,2023-24
E0,16/09/2023,Man United,Brighton,1,3,A,0.0,1.0,A,J Gillett,14.0,10.0,4.0,8.0,8.0,9.0,8.0,1.0,2.0,2.0,0.0,0.0,2.15,4.0,2.88,,,,,,,,,,,,,,,,,,,,,,,,,,,,,,,,,,,,,,,,,,,,,,2023-24
E0,16/09/2023,Tottenham,Sheffield United,2,1,H,0.0,0.0,D,P Bankes,28.0,7.0,10.0,5.0,13.0,14.0,15.0,2.0,6.0,5.0,0.0,1.0,1.29,5.5,11.0,,,,,,,,,,,,,,,,,,,,,,,,,,,,,,,,,,,,,,,,,,,,,,2023-24
E0,16/09/2023,West Ham,Man City,1,3,A,1.0,0.0,H,A Madley,6.0,29.0,3.0,15.0,7.0,11.0,4.0,11.0,3.0,2.0,0.0,0.0,7.0,4.5,1.45,,,,,,,,,,,,,,,,,,,,,,,,,,,,,,,,,,,,,,,,,,,,,,2023-24
E0,16/09/2023,Newcastle,Brentford,1,0,H,0.0,0.0,D,C Pawson,9.0,11.0,2.0,2.0,8.0,12.0,8.0,3.0,3.0,5.0,0.0,0.0,1.53,4.2,6.0,,,,,,,,,,,,,,,,,,,,,,,,,,,,,,,,,,,,,,,,,,,,,,2023-24
E0,17/09/2023,Bournemouth,Chelsea,0,0,D,0.0,0.0,D,D Coote,13.0,14.0,4.0,6.0,15.0,20.0,1.0,7.0,1.0,5.0,0.0,0.0,4.33,3.75,1.8,,,,,,,,,,,,,,,,,,,,,,,,,,,,,,,,,,,,,,,,,,,,,,2023-24
E0,17/09/2023,Everton,Arsenal,0,1,A,0.0,0.0,D,S Hooper,8.0,13.0,1.0,4.0,12.0,10.0,1.0,11.0,1.0,1.0,0.0,0.0,6.0,4.5,1.5,,,,,,,,,,,,,,,,,,,,,,,,,,,,,,,,,,,,,,,,,,,,,,2023-24
E0,18/09/2023,Nott'm Forest,Burnley,1,1,D,0.0,1.0,A,R Jones,14.0,10.0,4.0,3.0,16.0,10.0,5.0,4.0,2.0,3.0,0.0,1.0,2.2,3.5,3.25,,,,,,,,,,,,,,,,,,,,,,,,,,,,,,,,,,,,,,,,,,,,,,2023-24
E0,23/09/2023,Crystal Palace,Fulham,0,0,D,0.0,0.0,D,P Tierney,7.0,10.0,3.0,5.0,10.0,15.0,3.0,2.0,3.0,2.0,0.0,0.0,1.91,3.4,4.2,,,,,,,,,,,,,,,,,,,,,,,,,,,,,,,,,,,,,,,,,,,,,,2023-24
E0,23/09/2023,Luton,Wolves,1,1,D,0.0,0.0,D,J Smith,20.0,3.0,4.0,3.0,12.0,17.0,10.0,1.0,0.0,2.0,0.0,1.0,3.25,3.4,2.2,,,,,,,,,,,,,,,,,,,,,,,,,,,,,,,,,,,,,,,,,,,,,,2023-24
E0,23/09/2023,Man City,Nott'm Forest,2,0,H,2.0,0.0,H,A Taylor,7.0,10.0,4.0,3.0,5.0,17.0,6.0,6.0,3.0,7.0,1.0,0.0,1.14,8.5,15.0,,,,,,,,,,,,,,,,,,,,,,,,,,,,,,,,,,,,,,,,,,,,,,2023-24
E0,23/09/2023,Brentford,Everton,1,3,A,1.0,1.0,D,M Oliver,12.0,18.0,2.0,6.0,9.0,12.0,1.0,4.0,2.0,2.0,0.0,0.0,1.8,3.8,4.2,,,,,,,,,,,,,,,,,,,,,,,,,,,,,,,,,,,,,,,,,,,,,,2023-24
E0,23/09/2023,Burnley,Man United,0,1,A,0.0,1.0,A,T Harrington,12.0,11.0,4.0,4.0,6.0,12.0,9.0,5.0,1.0,2.0,0.0,0.0,4.2,4.2,1.73,,,,,,,,,,,,,,,,,,,,,,,,,,,,,,,,,,,,,,,,,,,,,,2023-24
E0,24/09/2023,Arsenal,Tottenham,2,2,D,1.0,1.0,D,R Jones,13.0,13.0,6.0,5.0,12.0,19.0,11.0,4.0,3.0,4.0,0.0,0.0,1.67,4.33,4.33,,,,,,,,,,,,,,,,,,,,,,,,,,,,,,,,,,,,,,,,,,,,,,2023-24
E0,24/09/2023,Brighton,Bournemouth,3,1,H,1.0,1.0,D,J Brooks,13.0,12.0,4.0,4.0,12.0,17.0,4.0,4.0,3.0,3.0,0.0,0.0,1.36,5.25,7.5,,,,,,,,,,,,,,,,,,,,,,,,,,,,,,,,,,,,,,,,,,,,,,2023-24
E0,24/09/2023,Chelsea,Aston Villa,0,1,A,0.0,0.0,D,J Gillett,10.0,15.0,4.0,7.0,9.0,11.0,5.0,11.0,2.0,3.0,0.0,0.0,1.91,3.75,3.8,,,,,,,,,,,,,,,,,,,,,,,,,,,,,,,,,,,,,,,,,,,,,,2023-24
E0,24/09/2023,Liverpool,West Ham,3,1,H,1.0,1.0,D,C Kavanagh,22.0,11.0,7.0,4.0,12.0,13.0,7.0,4.0,0.0,2.0,0.0,0.0,1.4,5.0,7.0,,,,,,,,,,,,,,,,,,,,,,,,,,,,,,,,,,,,,,,,,,,,,,2023-24
E0,24/09/2023,Sheffield United,Newcastle,0,8,A,0.0,3.0,A,S Attwell,9.0,22.0,1.0,15.0,12.0,8.0,2.0,6.0,3.0,0.0,0.0,0.0,7.0,4.75,1.44,,,,,,,,,,,,,,,,,,,,,,,,,,,,,,,,,,,,,,,,,,,,,,2023-24
E0,30/09/2023,Aston Villa,Brighton,6,1,H,3.0,0.0,H,A Madley,19.0,11.0,9.0,3.0,19.0,21.0,1.0,3.0,4.0,4.0,0.0,0.0,2.55,3.75,2.55,,,,,,,,,,,,,,,,,,,,,,,,,,,,,,,,,,,,,,,,,,,,,,2023-24
E0,30/09/2023,Bournemouth,Arsenal,0,4,A,0.0,2.0,A,M Salisbury,8.0,15.0,1.0,8.0,11.0,10.0,6.0,6.0,0.0,1.0,0.0,0.0,5.5,4.5,1.53,,,,,,,,,,,,,,,,,,,,,,,,,,,,,,,,,,,,,,,,,,,,,,2023-24
E0,30/09/2023,Everton,Luton,1,2,A,1.0,2.0,A,A Taylor,23.0,9.0,5.0,2.0,8.0,10.0,3.0,6.0,0.0,1.0,0.0,0.0,1.57,3.8,6.5,,,,,,,,,,,,,,,,,,,,,,,,,,,,,,,,,,,,,,,,,,,,,,2023-24
E0,30/09/2023,Man United,Crystal Palace,0,1,A,0.0,1.0,A,C Kavanagh,19.0,8.0,4.0,2.0,10.0,8.0,10.0,4.0,3.0,2.0,0.0,0.0,1.55,4.2,5.75,,,,,,,,,,,,,,,,,,,,,,,,,,,,,,,,,,,,,,,,,,,,,,2023-24
E0,30/09/2023,Newcastle,Burnley,2,0,H,1.0,0.0,H,T Bramall,20.0,8.0,8.0,2.0,7.0,15.0,5.0,3.0,1.0,3.0,0.0,0.0,1.3,5.75,9.0,,,,,,,,,,,,,,,,,,,,,,,,,,,,,,,,,,,,,,,,,,,,,,2023-24
E0,30/09/2023,West Ham,Sheffield United,2,0,H,2.0,0.0,H,G Scott,20.0,16.0,9.0,2.0,6.0,9.0,7.0,4.0,1.0,1.0,0.0,0.0,1.45,4.5,7.0,,,,,,,,,,,,,,,,,,,,,,,,,,,,,,,,,,,,,,,,,,,,,,2023-24
E0,30/09/2023,Wolves,Man City,2,1,H,1.0,0.0,H,C Pawson,3.0,23.0,1.0,8.0,18.0,12.0,0.0,6.0,5.0,4.0,0.0,0.0,8.0,5.75,1.33,,,,,,,,,,,,,,,,,,,,,,,,,,,,,,,,,,,,,,,,,,,,,,2023-24
E0,30/09/2023,Tottenham,Liverpool,2,1,H,1.0,1.0,D,S Hooper,24.0,12.0,8.0,4.0,11.0,17.0,12.0,5.0,5.0,4.0,0.0,2.0,2.9,4.0,2.15,,,,,,,,,,,,,,,,,,,,,,,,,,,,,,,,,,,,,,,,,,,,,,2023-24
E0,01/10/2023,Nott'm Forest,Brentford,1,1,D,0.0,0.0,D,P Tierney,6.0,18.0,1.0,5.0,6.0,10.0,1.0,11.0,1.0,2.0,1.0,0.0,2.75,3.1,2.7,,,,,,,,,,,,,,,,,,,,,,,,,,,,,,,,,,,,,,,,,,,,,,2023-24
E0,02/10/2023,Fulham,Chelsea,0,2,A,0.0,2.0,A,T Robinson,10.0,11.0,3.0,4.0,15.0,12.0,8.0,1.0,1.0,4.0,0.0,0.0,3.6,3.5,2.05,,,,,,,,,,,,,,,,,,,,,,,,,,,,,,,,,,,,,,,,,,,,,,2023-24
E0,03/10/2023,Luton,Burnley,1,2,A,0.0,1.0,A,P Bankes,18.0,14.0,3.0,4.0,14.0,6.0,7.0,6.0,4.0,2.0,0.0,0.0,2.9,3.0,2.63,,,,,,,,,,,,,,,,,,,,,,,,,,,,,,,,,,,,,,,,,,,,,,2023-24
E0,07/10/2023,Luton,Tottenham,0,1,A,0.0,0.0,D,J Brooks,12.0,15.0,2.0,4.0,16.0,7.0,5.0,6.0,2.0,1.0,0.0,1.0,6.0,4.75,1.45,,,,,,,,,,,,,,,,,,,,,,,,,,,,,,,,,,,,,,,,,,,,,,2023-24
E0,07/10/2023,Burnley,Chelsea,1,4,A,1.0,1.0,D,S Attwell,10.0,9.0,3.0,5.0,11.0,8.0,7.0,3.0,2.0,4.0,0.0,0.0,4.5,3.8,1.73,,,,,,,,,,,,,,,,,,,,,,,,,,,,,,,,,,,,,,,,,,,,,,2023-24
E0,07/10/2023,Everton,Bournemouth,3,0,H,2.0,0.0,H,D Coote,25.0,11.0,8.0,4.0,14.0,15.0,8.0,7.0,1.0,2.0,0.0,0.0,1.91,3.6,3.8,,,,,,,,,,,,,,,,,,,,,,,,,,,,,,,,,,,,,,,,,,,,,,2023-24
E0,07/10/2023,Fulham,Sheffield United,3,1,H,0.0,0.0,D,S Barrott,20.0,5.0,6.0,2.0,8.0,10.0,9.0,4.0,1.0,2.0,0.0,0.0,1.62,3.8,6.0,,,,,,,,,,,,,,,,,,,,,,,,,,,,,,,,,,,,,,,,,,,,,,2023-24
E0,07/10/2023,Man United,Brentford,2,1,H,0.0,1.0,A,A Madley,21.0,11.0,8.0,3.0,10.0,17.0,7.0,5.0,0.0,5.0,0.0,0.0,1.67,4.2,4.75,,,,,,,,,,,,,,,,,,,,,,,,,,,,,,,,,,,,,,,,,,,,,,2023-24
E0,07/10/2023,Crystal Palace,Nott'm Forest,0,0,D,0.0,0.0,D,C Pawson,8.0,16.0,2.0,5.0,7.0,12.0,3.0,7.0,0.0,1.0,0.0,0.0,2.2,3.1,3.6,,,,,,,,,,,,,,,,,,,,,,,,,,,,,,,,,,,,,,,,,,,,,,2023-24
E0,08/10/2023,Brighton,Liverpool,2,2,D,1.0,2.0,A,A Taylor,14.0,14.0,3.0,4.0,12.0,20.0,8.0,1.0,1.0,2.0,0.0,0.0,3.0,3.8,2.2,,,,,,,,,,,,,,,,,,,,,,,,,,,,,,,,,,,,,,,,,,,,,,2023-24
E0,08/10/2023,West Ham,Newcastle,2,2,D,1.0,0.0,H,P Bankes,5.0,10.0,3.0,3.0,11.0,18.0,4.0,2.0,3.0,3.0,0.0,0.0,3.2,3.75,2.1,,,,,,,,,,,,,,,,,,,,,,,,,,,,,,,,,,,,,,,,,,,,,,2023-24
E0,08/10/2023,Wolves,Aston Villa,1,1,D,0.0,0.0,D,R Jones,8.0,18.0,3.0,4.0,19.0,9.0,2.0,10.0,2.0,2.0,1.0,0.0,3.5,3.4,2.1,,,,,,,,,,,,,,,,,,,,,,,,,,,,,,,,,,,,,,,,,,,,,,2023-24
E0,08/10/2023,Arsenal,Man City,1,0,H,0.0,0.0,D,M Oliver,12.0,4.0,2.0,1.0,8.0,7.0,5.0,4.0,2.0,3.0,0.0,0.0,2.9,3.3,2.4,,,,,,,,,,,,,,,,,,,,,,,,,,,,,,,,,,,,,,,,,,,,,,2023-24
E0,21/10/2023,Liverpool,Everton,2,0,H,0.0,0.0,D,C Pawson,26.0,6.0,6.0,1.0,9.0,9.0,12.0,4.0,1.0,1.0,0.0,1.0,1.33,5.75,7.5,,,,,,,,,,,,,,,,,,,,,,,,,,,,,,,,,,,,,,,,,,,,,,2023-24
E0,21/10/2023,Bournemouth,Wolves,1,2,A,1.0,0.0,H,P Tierney,7.0,20.0,4.0,7.0,15.0,10.0,3.0,12.0,2.0,6.0,1.0,0.0,2.38,3.4,3.0,,,,,,,,,,,,,,,,,,,,,,,,,,,,,,,,,,,,,,,,,,,,,,2023-24
E0,21/10/2023,Brentford,Burnley,3,0,H,1.0,0.0,H,J Smith,23.0,6.0,10.0,1.0,14.0,12.0,5.0,5.0,5.0,2.0,0.0,1.0,1.83,3.75,4.2,,,,,,,,,,,,,,,,,,,,,,,,,,,,,,,,,,,,,,,,,,,,,,2023-24
E0,21/10/2023,Man City,Brighton,2,1,H,2.0,0.0,H,R Jones,10.0,5.0,6.0,3.0,9.0,11.0,2.0,2.0,2.0,2.0,1.0,0.0,1.4,5.25,6.5,,,,,,,,,,,,,,,,,,,,,,,,,,,,,,,,,,,,,,,,,,,,,,2023-24
E0,21/10/2023,Newcastle,Crystal Palace,4,0,H,3.0,0.0,H,T Robinson,10.0,17.0,7.0,3.0,7.0,12.0,6.0,8.0,2.0,3.0,0.0,0.0,1.45,4.5,7.0,,,,,,,,,,,,,,,,,,,,,,,,,,,,,,,,,,,,,,,,,,,,,,2023-24
E0,21/10/2023,Nott'm Forest,Luton,2,2,D,0.0,0.0,D,S Barrott,19.0,13.0,8.0,4.0,12.0,11.0,4.0,2.0,3.0,0.0,0.0,0.0,1.67,3.75,5.5,,,,,,,,,,,,,,,,,,,,,,,,,,,,,,,,,,,,,,,,,,,,,,2023-24
E0,21/10/2023,Chelsea,Arsenal,2,2,D,1.0,0.0,H,C Kavanagh,11.0,13.0,5.0,3.0,7.0,14.0,2.0,7.0,3.0,3.0,0.0,0.0,3.2,3.4,2.25,,,,,,,,,,,,,,,,,,,,,,,,,,,,,,,,,,,,,,,,,,,,,,2023-24
E0,21/10/2023,Sheffield United,Man United,1,2,A,1.0,1.0,D,M Oliver,12.0,14.0,6.0,5.0,12.0,10.0,5.0,4.0,3.0,1.0,0.0,0.0,6.5,5.25,1.4,,,,,,,,,,,,,,,,,,,,,,,,,,,,,,,,,,,,,,,,,,,,,,2023-24
E0,22/10/2023,Aston Villa,West Ham,4,1,H,1.0,0.0,H,D Coote,15.0,14.0,7.0,4.0,9.0,15.0,8.0,7.0,0.0,1.0,0.0,0.0,1.85,3.6,4.0,,,,,,,,,,,,,,,,,,,,,,,,,,,,,,,,,,,,,,,,,,,,,,2023-24
E0,23/10/2023,Tottenham,Fulham,2,0,H,1.0,0.0,H,A Taylor,15.0,10.0,5.0,3.0,10.0,14.0,3.0,5.0,2.0,0.0,0.0,0.0,1.5,4.5,6.0,,,,,,,,,,,,,,,,,,,,,,,,,,,,,,,,,,,,,,,,,,,,,,2023-24
E0,27/10/2023,Crystal Palace,Tottenham,1,2,A,0.0,0.0,D,A Madley,13.0,10.0,3.0,1.0,19.0,11.0,11.0,2.0,2.0,1.0,0.0,0.0,4.5,3.75,1.75,,,,,,,,,,,,,,,,,,,,,,,,,,,,,,,,,,,,,,,,,,,,,,2023-24
E0,28/10/2023,Chelsea,Brentford,0,2,A,0.0,0.0,D,S Hooper,17.0,7.0,2.0,5.0,12.0,7.0,10.0,1.0,1.0,4.0,0.0,0.0,1.65,4.0,5.25,,,,,,,,,,,,,,,,,,,,,,,,,,,,,,,,,,,,,,,,,,,,,,2023-24
E0,28/10/2023,Arsenal,Sheffield United,5,0,H,1.0,0.0,H,T Robinson,13.0,2.0,8.0,0.0,9.0,13.0,6.0,1.0,0.0,3.0,0.0,0.0,1.13,8.5,19.0,,,,,,,,,,,,,,,,,,,,,,,,,,,,,,,,,,,,,,,,,,,,,,2023-24
E0,28/10/2023,Bournemouth,Burnley,2,1,H,1.0,1.0,D,S Barrott,13.0,6.0,6.0,3.0,9.0,12.0,10.0,5.0,2.0,3.0,0.0,0.0,2.15,3.5,3.3,,,,,,,,,,,,,,,,,,,,,,,,,,,,,,,,,,,,,,,,,,,,,,2023-24
E0,28/10/2023,Wolves,Newcastle,2,2,D,1.0,2.0,A,A Taylor,11.0,13.0,6.0,5.0,13.0,15.0,8.0,7.0,1.0,4.0,0.0,0.0,4.2,4.0,1.75,,,,,,,,,,,,,,,,,,,,,,,,,,,,,,,,,,,,,,,,,,,,,,2023-24
E0,29/10/2023,West Ham,Everton,0,1,A,0.0,0.0,D,S Attwell,12.0,10.0,2.0,4.0,7.0,11.0,4.0,3.0,4.0,1.0,0.0,0.0,2.15,3.5,3.3,,,,,,,,,,,,,,,,,,,,,,,,,,,,,,,,,,,,,,,,,,,,,,2023-24
E0,29/10/2023,Aston Villa,Luton,3,1,H,1.0,0.0,H,J Brooks,17.0,7.0,6.0,1.0,11.0,10.0,6.0,4.0,3.0,2.0,0.0,0.0,1.25,6.5,9.5,,,,,,,,,,,,,,,,,,,,,,,,,,,,,,,,,,,,,,,,,,,,,,2023-24
E0,29/10/2023,Brighton,Fulham,1,1,D,1.0,0.0,H,M Salisbury,18.0,10.0,7.0,5.0,12.0,8.0,7.0,3.0,0.0,3.0,0.0,0.0,1.55,4.2,5.5,,,,,,,,,,,,,,,,,,,,,,,,,,,,,,,,,,,,,,,,,,,,,,2023-24
E0,29/10/2023,Liverpool,Nott'm Forest,3,0,H,2.0,0.0,H,C Kavanagh,21.0,9.0,8.0,1.0,9.0,13.0,8.0,3.0,2.0,3.0,0.0,0.0,1.29,5.75,11.0,,,,,,,,,,,,,,,,,,,,,,,,,,,,,,,,,,,,,,,,,,,,,,2023-24
E0,29/10/2023,Man United,Man City,0,3,A,0.0,1.0,A,P Tierney,7.0,21.0,3.0,10.0,9.0,4.0,7.0,12.0,4.0,1.0,0.0,0.0,5.0,3.8,1.67,,,,,,,,,,,,,,,,,,,,,,,,,,,,,,,,,,,,,,,,,,,,,,2023-24
E0,04/11/2023,Fulham,Man United,0,1,A,0.0,0.0,D,J Brooks,18.0,12.0,3.0,5.0,9.0,15.0,9.0,4.0,5.0,2.0,0.0,0.0,3.2,3.6,2.2,,,,,,,,,,,,,,,,,,,,,,,,,,,,,,,,,,,,,,,,,,,,,,2023-24
E0,04/11/2023,Brentford,West Ham,3,2,H,1.0,2.0,A,T Bramall,16.0,12.0,4.0,2.0,12.0,14.0,4.0,3.0,1.0,4.0,0.0,0.0,2.05,3.6,3.5,,,,,,,,,,,,,,,,,,,,,,,,,,,,,,,,,,,,,,,,,,,,,,2023-24
E0,04/11/2023,Burnley,Crystal Palace,0,2,A,0.0,1.0,A,P Bankes,17.0,4.0,5.0,3.0,9.0,12.0,12.0,1.0,0.0,5.0,0.0,0.0,2.75,3.25,2.6,,,,,,,,,,,,,,,,,,,,,,,,,,,,,,,,,,,,,,,,,,,,,,2023-24
E0,04/11/2023,Everton,Brighton,1,1,D,1.0,0.0,H,T Robinson,10.0,7.0,4.0,2.0,15.0,5.0,3.0,3.0,4.0,2.0,0.0,0.0,3.1,3.6,2.2,,,,,,,,,,,,,,,,,,,,,,,,,,,,,,,,,,,,,,,,,,,,,,2023-24
E0,04/11/2023,Man City,Bournemouth,6,1,H,3.0,0.0,H,C Pawson,21.0,5.0,8.0,1.0,8.0,9.0,12.0,1.0,0.0,1.0,0.0,0.0,1.1,11.0,19.0,,,,,,,,,,,,,,,,,,,,,,,,,,,,,,,,,,,,,,,,,,,,,,2023-24
E0,04/11/2023,Sheffield United,Wolves,2,1,H,0.0,0.0,D,R Jones,11.0,10.0,2.0,3.0,13.0,10.0,4.0,4.0,2.0,3.0,0.0,0.0,3.8,3.5,2.0,,,,,,,,,,,,,,,,,,,,,,,,,,,,,,,,,,,,,,,,,,,,,,2023-24
E0,04/11/2023,Newcastle,Arsenal,1,0,H,0.0,0.0,D,S Attwell,9.0,14.0,2.0,1.0,14.0,9.0,0.0,11.0,5.0,1.0,0.0,0.0,2.8,3.2,2.6,,,,,,,,,,,,,,,,,,,,,,,,,,,,,,,,,,,,,,,,,,,,,,2023-24
E0,05/11/2023,Nott'm Forest,Aston Villa,2,0,H,1.0,0.0,H,J Gillett,5.0,13.0,3.0,3.0,6.0,9.0,0.0,10.0,1.0,1.0,0.0,0.0,4.2,3.75,1.85,,,,,,,,,,,,,,,,,,,,,,,,,,,,,,,,,,,,,,,,,,,,,,2023-24
E0,05/11/2023,Luton,Liverpool,1,1,D,0.0,0.0,D,A Madley,8.0,24.0,5.0,6.0,7.0,13.0,4.0,7.0,1.0,1.0,0.0,0.0,12.0,6.5,1.22,,,,,,,,,,,,,,,,,,,,,,,,,,,,,,,,,,,,,,,,,,,,,,2023-24
E0,06/11/2023,Tottenham,Chelsea,1,4,A,1.0,1.0,D,M Oliver,8.0,17.0,5.0,8.0,12.0,21.0,1.0,6.0,1.0,5.0,2.0,0.0,2.0,3.75,3.5,,,,,,,,,,,,,,,,,,,,,,,,,,,,,,,,,,,,,,,,,,,,,,2023-24
E0,11/11/2023,Wolves,Tottenham,2,1,H,0.0,1.0,A,T Robinson,17.0,6.0,4.0,2.0,19.0,15.0,11.0,3.0,4.0,3.0,0.0,0.0,3.1,3.75,2.2,,,,,,,,,,,,,,,,,,,,,,,,,,,,,,,,,,,,,,,,,,,,,,2023-24
E0,11/11/2023,Arsenal,Burnley,3,1,H,1.0,0.0,H,M Oliver,16.0,8.0,6.0,5.0,8.0,9.0,3.0,3.0,0.0,1.0,1.0,0.0,1.18,7.0,17.0,,,,,,,,,,,,,,,,,,,,,,,,,,,,,,,,,,,,,,,,,,,,,,2023-24
E0,11/11/2023,Crystal Palace,Everton,2,3,A,1.0,1.0,D,S Barrott,13.0,8.0,4.0,4.0,9.0,18.0,9.0,2.0,1.0,4.0,0.0,0.0,2.45,3.2,3.0,,,,,,,,,,,,,,,,,,,,,,,,,,,,,,,,,,,,,,,,,,,,,,2023-24
E0,11/11/2023,Man United,Luton,1,0,H,0.0,0.0,D,G Scott,15.0,10.0,4.0,4.0,9.0,11.0,11.0,3.0,0.0,2.0,0.0,0.0,1.33,5.25,9.5,,,,,,,,,,,,,,,,,,,,,,,,,,,,,,,,,,,,,,,,,,,,,,2023-24
E0,11/11/2023,Bournemouth,Newcastle,2,0,H,0.0,0.0,D,C Kavanagh,19.0,8.0,10.0,5.0,10.0,4.0,6.0,5.0,2.0,1.0,0.0,0.0,4.75,4.0,1.73,,,,,,,,,,,,,,,,,,,,,,,,,,,,,,,,,,,,,,,,,,,,,,2023-24
E0,12/11/2023,Aston Villa,Fulham,3,1,H,2.0,0.0,H,S Hooper,12.0,9.0,6.0,5.0,4.0,17.0,2.0,2.0,2.0,5.0,0.0,0.0,1.57,4.2,5.5,,,,,,,,,,,,,,,,,,,,,,,,,,,,,,,,,,,,,,,,,,,,,,2023-24
E0,12/11/2023,Brighton,Sheffield United,1,1,D,1.0,0.0,H,J Brooks,11.0,9.0,6.0,1.0,13.0,16.0,6.0,3.0,3.0,2.0,1.0,0.0,1.25,5.75,13.0,,,,,,,,,,,,,,,,,,,,,,,,,,,,,,,,,,,,,,,,,,,,,,2023-24
E0,12/11/2023,Liverpool,Brentford,3,0,H,1.0,0.0,H,P Tierney,17.0,16.0,10.0,3.0,16.0,12.0,6.0,8.0,1.0,2.0,0.0,0.0,1.4,5.0,6.5,,,,,,,,,,,,,,,,,,,,,,,,,,,,,,,,,,,,,,,,,,,,,,2023-24
E0,12/11/2023,West Ham,Nott'm Forest,3,2,H,1.0,1.0,D,M Salisbury,16.0,10.0,6.0,5.0,9.0,12.0,9.0,4.0,2.0,2.0,0.0,0.0,1.85,3.6,4.0,,,,,,,,,,,,,,,,,,,,,,,,,,,,,,,,,,,,,,,,,,,,,,2023-24
E0,12/11/2023,Chelsea,Man City,4,4,D,2.0,2.0,D,A Taylor,17.0,15.0,9.0,10.0,12.0,15.0,3.0,3.0,5.0,3.0,0.0,0.0,5.0,3.7,1.73,,,,,,,,,,,,,,,,,,,,,,,,,,,,,,,,,,,,,,,,,,,,,,2023-24
E0,25/11/2023,Man City,Liverpool,1,1,D,1.0,0.0,H,C Kavanagh,16.0,8.0,5.0,3.0,9.0,11.0,9.0,6.0,1.0,3.0,0.0,0.0,1.73,4.2,4.2,,,,,,,,,,,,,,,,,,,,,,,,,,,,,,,,,,,,,,,,,,,,,,2023-24
E0,25/11/2023,Burnley,West Ham,1,2,A,0.0,0.0,D,S Barrott,11.0,11.0,5.0,3.0,11.0,7.0,4.0,5.0,1.0,3.0,0.0,0.0,3.4,3.5,2.05,,,,,,,,,,,,,,,,,,,,,,,,,,,,,,,,,,,,,,,,,,,,,,2023-24
E0,25/11/2023,Luton,Crystal Palace,2,1,H,0.0,0.0,D,J Gillett,8.0,16.0,3.0,8.0,15.0,12.0,4.0,5.0,6.0,1.0,0.0,0.0,3.6,3.3,2.1,,,,,,,,,,,,,,,,,,,,,,,,,,,,,,,,,,,,,,,,,,,,,,2023-24
E0,25/11/2023,Newcastle,Chelsea,4,1,H,1.0,1.0,D,S Hooper,14.0,7.0,5.0,4.0,13.0,19.0,4.0,2.0,4.0,4.0,0.0,1.0,2.55,3.5,2.63,,,,,,,,,,,,,,,,,,,,,,,,,,,,,,,,,,,,,,,,,,,,,,2023-24
E0,25/11/2023,Nott'm Forest,Brighton,2,3,A,1.0,2.0,A,A Taylor,18.0,11.0,5.0,5.0,12.0,7.0,6.0,4.0,2.0,4.0,0.0,1.0,3.2,3.6,2.15,,,,,,,,,,,,,,,,,,,,,,,,,,,,,,,,,,,,,,,,,,,,,,2023-24
E0,25/11/2023,Sheffield United,Bournemouth,1,3,A,0.0,2.0,A,A Madley,10.0,23.0,2.0,11.0,6.0,8.0,4.0,7.0,4.0,1.0,0.0,0.0,3.2,3.5,2.2,,,,,,,,,,,,,,,,,,,,,,,,,,,,,,,,,,,,,,,,,,,,,,2023-24
E0,25/11/2023,Brentford,Arsenal,0,1,A,0.0,0.0,D,T Robinson,9.0,15.0,3.0,4.0,9.0,7.0,1.0,8.0,1.0,1.0,0.0,0.0,4.5,3.75,1.75,,,,,,,,,,,,,,,,,,,,,,,,,,,,,,,,,,,,,,,,,,,,,,2023-24
E0,26/11/2023,Tottenham,Aston Villa,1,2,A,1.0,1.0,D,R Jones,18.0,15.0,8.0,5.0,11.0,13.0,9.0,3.0,0.0,4.0,0.0,0.0,2.3,3.8,2.8,,,,,,,,,,,,,,,,,,,,,,,,,,,,,,,,,,,,,,,,,,,,,,2023-24
E0,26/11/2023,Everton,Man United,0,3,A,0.0,1.0,A,J Brooks,24.0,9.0,6.0,4.0,10.0,8.0,6.0,5.0,3.0,0.0,0.0,0.0,2.7,3.4,2.55,,,,,,,,,,,,,,,,,,,,,,,,,,,,,,,,,,,,,,,,,,,,,,2023-24
E0,27/11/2023,Fulham,Wolves,3,2,H,1.0,1.0,D,M Salisbury,12.0,10.0,6.0,6.0,13.0,13.0,6.0,2.0,2.0,2.0,0.0,0.0,2.38,3.3,3.0,,,,,,,,,,,,,,,,,,,,,,,,,,,,,,,,,,,,,,,,,,,,,,2023-24
E0,02/12/2023,Arsenal,Wolves,2,1,H,2.0,0.0,H,P Bankes,19.0,6.0,6.0,3.0,10.0,10.0,4.0,0.0,1.0,2.0,0.0,0.0,1.25,5.5,12.0,,,,,,,,,,,,,,,,,,,,,,,,,,,,,,,,,,,,,,,,,,,,,,2023-24
E0,02/12/2023,Brentford,Luton,3,1,H,0.0,0.0,D,A Taylor,27.0,7.0,6.0,1.0,10.0,8.0,7.0,5.0,1.0,2.0,0.0,0.0,1.45,4.5,6.5,,,,,,,,,,,,,,,,,,,,,,,,,,,,,,,,,,,,,,,,,,,,,,2023-24
E0,02/12/2023,Burnley,Sheffield United,5,0,H,2.0,0.0,H,C Kavanagh,19.0,6.0,7.0,3.0,9.0,12.0,6.0,1.0,2.0,5.0,0.0,1.0,1.8,3.6,4.5,,,,,,,,,,,,,,,,,,,,,,,,,,,,,,,,,,,,,,,,,,,,,,2023-24
E0,02/12/2023,Nott'm Forest,Everton,0,1,A,0.0,0.0,D,P Tierney,13.0,12.0,2.0,3.0,15.0,14.0,4.0,3.0,1.0,0.0,0.0,0.0,2.75,3.25,2.6,,,,,,,,,,,,,,,,,,,,,,,,,,,,,,,,,,,,,,,,,,,,,,2023-24
E0,02/12/2023,Newcastle,Man United,1,0,H,0.0,0.0,D,R Jones,22.0,8.0,4.0,1.0,6.0,13.0,7.0,3.0,1.0,2.0,0.0,0.0,1.91,3.75,3.8,,,,,,,,,,,,,,,,,,,,,,,,,,,,,,,,,,,,,,,,,,,,,,2023-24
E0,03/12/2023,Bournemouth,Aston Villa,2,2,D,1.0,1.0,D,T Bramall,15.0,11.0,7.0,3.0,16.0,12.0,7.0,7.0,5.0,3.0,0.0,0.0,3.4,4.0,1.95,,,,,,,,,,,,,,,,,,,,,,,,,,,,,,,,,,,,,,,,,,,,,,2023-24
E0,03/12/2023,Chelsea,Brighton,3,2,H,2.0,1.0,H,C Pawson,8.0,18.0,5.0,9.0,16.0,12.0,5.0,8.0,3.0,5.0,1.0,0.0,1.73,4.2,4.2,,,,,,,,,,,,,,,,,,,,,,,,,,,,,,,,,,,,,,,,,,,,,,2023-24
E0,03/12/2023,Liverpool,Fulham,4,3,H,2.0,2.0,D,S Attwell,26.0,9.0,12.0,5.0,6.0,7.0,3.0,4.0,0.0,0.0,0.0,0.0,1.25,6.5,9.0,,,,,,,,,,,,,,,,,,,,,,,,,,,,,,,,,,,,,,,,,,,,,,2023-24
E0,03/12/2023,West Ham,Crystal Palace,1,1,D,1.0,0.0,H,M Oliver,9.0,9.0,3.0,2.0,17.0,7.0,2.0,3.0,2.0,0.0,0.0,0.0,2.0,3.5,3.8,,,,,,,,,,,,,,,,,,,,,,,,,,,,,,,,,,,,,,,,,,,,,,2023-24
E0,03/12/2023,Man City,Tottenham,3,3,D,2.0,1.0,H,S Hooper,18.0,8.0,4.0,4.0,14.0,14.0,10.0,8.0,4.0,4.0,0.0,0.0,1.29,6.0,9.0,,,,,,,,,,,,,,,,,,,,,,,,,,,,,,,,,,,,,,,,,,,,,,2023-24
E0,05/12/2023,Wolves,Burnley,1,0,H,1.0,0.0,H,J Gillett,7.0,12.0,4.0,3.0,11.0,15.0,6.0,8.0,2.0,4.0,0.0,0.0,1.85,3.6,4.2,,,,,,,,,,,,,,,,,,,,,,,,,,,,,,,,,,,,,,,,,,,,,,2023-24
E0,05/12/2023,Luton,Arsenal,3,4,A,1.0,2.0,A,S Barrott,6.0,23.0,4.0,9.0,14.0,7.0,3.0,8.0,2.0,1.0,0.0,0.0,17.0,7.0,1.18,,,,,,,,,,,,,,,,,,,,,,,,,,,,,,,,,,,,,,,,,,,,,,2023-24
E0,06/12/2023,Brighton,Brentford,2,1,H,1.0,1.0,D,P Bankes,18.0,8.0,7.0,2.0,10.0,8.0,7.0,3.0,3.0,1.0,0.0,0.0,1.91,3.8,3.75,,,,,,,,,,,,,,,,,,,,,,,,,,,,,,,,,,,,,,,,,,,,,,2023-24
E0,06/12/2023,Crystal Palace,Bournemouth,0,2,A,0.0,1.0,A,C Pawson,16.0,11.0,3.0,4.0,10.0,17.0,3.0,9.0,1.0,3.0,0.0,0.0,2.25,3.5,3.1,,,,,,,,,,,,,,,,,,,,,,,,,,,,,,,,,,,,,,,,,,,,,,2023-24
E0,06/12/2023,Fulham,Nott'm Forest,5,0,H,2.0,0.0,H,J Smith,14.0,4.0,6.0,1.0,7.0,10.0,6.0,1.0,0.0,1.0,0.0,0.0,2.0,3.4,3.75,,,,,,,,,,,,,,,,,,,,,,,,,,,,,,,,,,,,,,,,,,,,,,2023-24
E0,06/12/2023,Sheffield United,Liverpool,0,2,A,0.0,1.0,A,S Hooper,6.0,15.0,1.0,8.0,12.0,8.0,2.0,12.0,2.0,3.0,0.0,0.0,12.0,7.5,1.2,,,,,,,,,,,,,,,,,,,,,,,,,,,,,,,,,,,,,,,,,,,,,,2023-24
E0,06/12/2023,Aston Villa,Man City,1,0,H,0.0,0.0,D,J Brooks,22.0,2.0,7.0,2.0,13.0,13.0,6.0,0.0,2.0,2.0,0.0,0.0,4.75,4.2,1.7,,,,,,,,,,,,,,,,,,,,,,,,,,,,,,,,,,,,,,,,,,,,,,2023-24
E0,06/12/2023,Man United,Chelsea,2,1,H,1.0,1.0,D,C Kavanagh,28.0,13.0,9.0,3.0,12.0,12.0,12.0,4.0,4.0,0.0,0.0,0.0,2.88,3.4,2.45,,,,,,,,,,,,,,,,,,,,,,,,,,,,,,,,,,,,,,,,,,,,,,2023-24
E0,07/12/2023,Everton,Newcastle,3,0,H,0.0,0.0,D,T Robinson,21.0,13.0,6.0,3.0,18.0,8.0,5.0,2.0,3.0,0.0,0.0,0.0,3.25,3.25,2.25,,,,,,,,,,,,,,,,,,,,,,,,,,,,,,,,,,,,,,,,,,,,,,2023-24
E0,07/12/2023,Tottenham,West Ham,1,2,A,1.0,0.0,H,M Salisbury,23.0,11.0,7.0,5.0,11.0,12.0,8.0,4.0,3.0,3.0,0.0,0.0,1.75,4.2,4.2,,,,,,,,,,,,,,,,,,,,,,,,,,,,,,,,,,,,,,,,,,,,,,2023-24
E0,09/12/2023,Crystal Palace,Liverpool,1,2,A,0.0,0.0,D,A Madley,8.0,14.0,4.0,2.0,17.0,17.0,6.0,5.0,5.0,2.0,1.0,0.0,6.0,4.5,1.5,,,,,,,,,,,,,,,,,,,,,,,,,,,,,,,,,,,,,,,,,,,,,,2023-24
E0,09/12/2023,Brighton,Burnley,1,1,D,0.0,1.0,A,S Hooper,29.0,6.0,11.0,3.0,5.0,8.0,9.0,1.0,0.0,4.0,0.0,0.0,1.5,4.75,6.0,,,,,,,,,,,,,,,,,,,,,,,,,,,,,,,,,,,,,,,,,,,,,,2023-24
E0,09/12/2023,Man United,Bournemouth,0,3,A,0.0,1.0,A,P Bankes,20.0,10.0,3.0,4.0,7.0,10.0,10.0,4.0,3.0,1.0,0.0,0.0,1.55,4.33,5.75,,,,,,,,,,,,,,,,,,,,,,,,,,,,,,,,,,,,,,,,,,,,,,2023-24
E0,09/12/2023,Sheffield United,Brentford,1,0,H,1.0,0.0,H,S Attwell,9.0,10.0,4.0,4.0,14.0,13.0,3.0,4.0,5.0,1.0,0.0,0.0,4.2,3.8,1.75,,,,,,,,,,,,,,,,,,,,,,,,,,,,,,,,,,,,,,,,,,,,,,2023-24
E0,09/12/2023,Wolves,Nott'm Forest,1,1,D,1.0,1.0,D,S Barrott,10.0,8.0,4.0,2.0,9.0,11.0,4.0,3.0,0.0,1.0,0.0,0.0,1.85,3.6,4.33,,,,,,,,,,,,,,,,,,,,,,,,,,,,,,,,,,,,,,,,,,,,,,2023-24
E0,09/12/2023,Aston Villa,Arsenal,1,0,H,1.0,0.0,H,J Gillett,10.0,12.0,3.0,5.0,16.0,11.0,3.0,3.0,4.0,2.0,0.0,0.0,3.3,3.6,2.1,,,,,,,,,,,,,,,,,,,,,,,,,,,,,,,,,,,,,,,,,,,,,,2023-24
E0,10/12/2023,Everton,Chelsea,2,0,H,0.0,0.0,D,M Oliver,9.0,16.0,5.0,4.0,12.0,12.0,4.0,8.0,2.0,2.0,0.0,0.0,3.1,3.5,2.25,,,,,,,,,,,,,,,,,,,,,,,,,,,,,,,,,,,,,,,,,,,,,,2023-24
E0,10/12/2023,Fulham,West Ham,5,0,H,3.0,0.0,H,P Tierney,14.0,9.0,8.0,5.0,5.0,10.0,3.0,6.0,2.0,1.0,0.0,0.0,2.38,3.5,2.9,,,,,,,,,,,,,,,,,,,,,,,,,,,,,,,,,,,,,,,,,,,,,,2023-24
E0,10/12/2023,Luton,Man City,1,2,A,1.0,0.0,H,T Robinson,4.0,18.0,2.0,6.0,16.0,6.0,6.0,3.0,2.0,1.0,0.0,0.0,17.0,8.0,1.14,,,,,,,,,,,,,,,,,,,,,,,,,,,,,,,,,,,,,,,,,,,,,,2023-24
E0,10/12/2023,Tottenham,Newcastle,4,1,H,2.0,0.0,H,C Kavanagh,23.0,9.0,12.0,3.0,10.0,12.0,3.0,6.0,1.0,3.0,0.0,0.0,2.15,3.8,3.1,,,,,,,,,,,,,,,,,,,,,,,,,,,,,,,,,,,,,,,,,,,,,,2023-24
E0,15/12/2023,Nott'm Forest,Tottenham,0,2,A,0.0,1.0,A,J Gillett,15.0,12.0,1.0,6.0,16.0,11.0,6.0,4.0,2.0,4.0,0.0,1.0,4.2,4.2,1.73,,,,,,,,,,,,,,,,,,,,,,,,,,,,,,,,,,,,,,,,,,,,,,2023-24
E0,16/12/2023,Chelsea,Sheffield United,2,0,H,0.0,0.0,D,A Madley,15.0,6.0,6.0,1.0,9.0,14.0,7.0,6.0,1.0,3.0,0.0,0.0,1.22,6.5,13.0,,,,,,,,,,,,,,,,,,,,,,,,,,,,,,,,,,,,,,,,,,,,,,2023-24
E0,16/12/2023,Man City,Crystal Palace,2,2,D,1.0,0.0,H,P Tierney,19.0,5.0,9.0,2.0,12.0,9.0,6.0,1.0,1.0,1.0,0.0,0.0,1.18,8.0,13.0,,,,,,,,,,,,,,,,,,,,,,,,,,,,,,,,,,,,,,,,,,,,,,2023-24
E0,16/12/2023,Newcastle,Fulham,3,0,H,0.0,0.0,D,S Barrott,27.0,6.0,10.0,4.0,7.0,12.0,5.0,1.0,0.0,2.0,0.0,1.0,1.8,3.8,4.0,,,,,,,,,,,,,,,,,,,,,,,,,,,,,,,,,,,,,,,,,,,,,,2023-24
E0,16/12/2023,Burnley,Everton,0,2,A,0.0,2.0,A,A Taylor,14.0,9.0,2.0,6.0,9.0,8.0,8.0,6.0,0.0,1.0,0.0,0.0,3.6,3.4,2.1,,,,,,,,,,,,,,,,,,,,,,,,,,,,,,,,,,,,,,,,,,,,,,2023-24
E0,17/12/2023,Arsenal,Brighton,2,0,H,0.0,0.0,D,T Robinson,26.0,6.0,9.0,1.0,11.0,9.0,10.0,1.0,1.0,3.0,0.0,0.0,1.44,5.0,6.0,,,,,,,,,,,,,,,,,,,,,,,,,,,,,,,,,,,,,,,,,,,,,,2023-24
E0,17/12/2023,Brentford,Aston Villa,1,2,A,1.0,0.0,H,D Coote,4.0,15.0,3.0,5.0,19.0,6.0,7.0,12.0,6.0,4.0,1.0,1.0,3.2,3.75,2.1,,,,,,,,,,,,,,,,,,,,,,,,,,,,,,,,,,,,,,,,,,,,,,2023-24
E0,17/12/2023,West Ham,Wolves,3,0,H,2.0,0.0,H,C Kavanagh,13.0,14.0,4.0,3.0,12.0,15.0,6.0,6.0,3.0,1.0,0.0,0.0,2.15,3.5,3.3,,,,,,,,,,,,,,,,,,,,,,,,,,,,,,,,,,,,,,,,,,,,,,2023-24
E0,17/12/2023,Liverpool,Man United,0,0,D,0.0,0.0,D,M Oliver,34.0,6.0,8.0,1.0,13.0,8.0,12.0,0.0,2.0,4.0,0.0,1.0,1.3,6.0,8.0,,,,,,,,,,,,,,,,,,,,,,,,,,,,,,,,,,,,,,,,,,,,,,2023-24
E0,21/12/2023,Crystal Palace,Brighton,1,1,D,1.0,0.0,H,J Brooks,11.0,18.0,3.0,6.0,12.0,11.0,3.0,1.0,5.0,2.0,0.0,0.0,3.3,3.3,2.15,,,,,,,,,,,,,,,,,,,,,,,,,,,,,,,,,,,,,,,,,,,,,,2023-24
E0,22/12/2023,Aston Villa,Sheffield United,1,1,D,0.0,0.0,D,A Taylor,12.0,5.0,4.0,2.0,11.0,16.0,9.0,1.0,3.0,3.0,0.0,0.0,1.22,6.5,12.0,,,,,,,,,,,,,,,,,,,,,,,,,,,,,,,,,,,,,,,,,,,,,,2023-24
E0,23/12/2023,West Ham,Man United,2,0,H,0.0,0.0,D,S Hooper,12.0,11.0,5.0,3.0,13.0,15.0,4.0,4.0,2.0,3.0,0.0,0.0,2.6,3.6,2.6,,,,,,,,,,,,,,,,,,,,,,,,,,,,,,,,,,,,,,,,,,,,,,2023-24
E0,23/12/2023,Fulham,Burnley,0,2,A,0.0,0.0,D,R Welch,19.0,7.0,5.0,2.0,5.0,17.0,8.0,6.0,2.0,1.0,0.0,0.0,1.67,3.75,5.25,,,,,,,,,,,,,,,,,,,,,,,,,,,,,,,,,,,,,,,,,,,,,,2023-24
E0,23/12/2023,Luton,Newcastle,1,0,H,1.0,0.0,H,D England,16.0,15.0,5.0,2.0,11.0,5.0,6.0,7.0,2.0,1.0,0.0,0.0,4.75,4.2,1.65,,,,,,,,,,,,,,,,,,,,,,,,,,,,,,,,,,,,,,,,,,,,,,2023-24
E0,23/12/2023,Nott'm Forest,Bournemouth,2,3,A,0.0,0.0,D,R Jones,11.0,18.0,5.0,7.0,10.0,10.0,6.0,6.0,0.0,3.0,1.0,0.0,2.75,3.4,2.55,,,,,,,,,,,,,,,,,,,,,,,,,,,,,,,,,,,,,,,,,,,,,,2023-24
E0,23/12/2023,Tottenham,Everton,2,1,H,2.0,0.0,H,S Attwell,13.0,18.0,6.0,8.0,6.0,18.0,3.0,8.0,1.0,4.0,0.0,0.0,1.75,4.2,4.0,,,,,,,,,,,,,,,,,,,,,,,,,,,,,,,,,,,,,,,,,,,,,,2023-24
E0,23/12/2023,Liverpool,Arsenal,1,1,D,1.0,1.0,D,C Kavanagh,13.0,13.0,3.0,2.0,13.0,14.0,4.0,5.0,2.0,5.0,0.0,0.0,2.38,3.6,2.8,,,,,,,,,,,,,,,,,,,,,,,,,,,,,,,,,,,,,,,,,,,,,,2023-24
E0,24/12/2023,Wolves,Chelsea,2,1,H,0.0,0.0,D,D Coote,14.0,16.0,6.0,5.0,11.0,9.0,10.0,6.0,3.0,5.0,0.0,0.0,3.75,3.75,1.91,,,,,,,,,,,,,,,,,,,,,,,,,,,,,,,,,,,,,,,,,,,,,,2023-24
E0,26/12/2023,Newcastle,Nott'm Forest,1,3,A,1.0,1.0,D,C Kavanagh,19.0,15.0,7.0,6.0,10.0,11.0,10.0,2.0,3.0,3.0,0.0,0.0,1.5,4.33,5.75,,,,,,,,,,,,,,,,,,,,,,,,,,,,,,,,,,,,,,,,,,,,,,2023-24
E0,26/12/2023,Bournemouth,Fulham,3,0,H,1.0,0.0,H,T Robinson,16.0,8.0,4.0,3.0,10.0,10.0,6.0,5.0,0.0,2.0,0.0,0.0,2.15,3.6,3.2,,,,,,,,,,,,,,,,,,,,,,,,,,,,,,,,,,,,,,,,,,,,,,2023-24
E0,26/12/2023,Sheffield United,Luton,2,3,A,0.0,1.0,A,S Allison,21.0,12.0,6.0,4.0,13.0,13.0,9.0,4.0,5.0,0.0,0.0,0.0,2.3,3.3,3.1,,,,,,,,,,,,,,,,,,,,,,,,,,,,,,,,,,,,,,,,,,,,,,2023-24
E0,26/12/2023,Burnley,Liverpool,0,2,A,0.0,1.0,A,P Tierney,9.0,19.0,0.0,10.0,7.0,10.0,4.0,4.0,2.0,1.0,0.0,0.0,6.5,5.25,1.4,,,,,,,,,,,,,,,,,,,,,,,,,,,,,,,,,,,,,,,,,,,,,,2023-24
E0,26/12/2023,Man United,Aston Villa,3,2,H,0.0,2.0,A,C Pawson,13.0,10.0,7.0,4.0,10.0,10.0,3.0,6.0,1.0,3.0,0.0,0.0,2.6,3.5,2.6,,,,,,,,,,,,,,,,,,,,,,,,,,,,,,,,,,,,,,,,,,,,,,2023-24
E0,27/12/2023,Brentford,Wolves,1,4,A,1.0,3.0,A,A Madley,14.0,11.0,4.0,5.0,5.0,14.0,8.0,2.0,1.0,1.0,0.0,0.0,1.95,3.5,4.2,,,,,,,,,,,,,,,,,,,,,,,,,,,,,,,,,,,,,,,,,,,,,,2023-24
E0,27/12/2023,Chelsea,Crystal Palace,2,1,H,1.0,1.0,D,M Salisbury,9.0,13.0,4.0,5.0,13.0,16.0,4.0,3.0,3.0,2.0,0.0,0.0,1.67,4.0,5.0,,,,,,,,,,,,,,,,,,,,,,,,,,,,,,,,,,,,,,,,,,,,,,2023-24
E0,27/12/2023,Everton,Man City,1,3,A,1.0,0.0,H,J Brooks,7.0,23.0,2.0,9.0,13.0,5.0,8.0,4.0,4.0,2.0,0.0,0.0,5.75,4.0,1.57,,,,,,,,,,,,,,,,,,,,,,,,,,,,,,,,,,,,,,,,,,,,,,2023-24
E0,28/12/2023,Brighton,Tottenham,4,2,H,2.0,0.0,H,J Gillett,15.0,19.0,9.0,3.0,18.0,6.0,7.0,6.0,3.0,2.0,0.0,0.0,2.5,3.6,2.6,,,,,,,,,,,,,,,,,,,,,,,,,,,,,,,,,,,,,,,,,,,,,,2023-24
E0,28/12/2023,Arsenal,West Ham,0,2,A,0.0,1.0,A,M Oliver,30.0,6.0,8.0,3.0,8.0,8.0,10.0,3.0,2.0,0.0,0.0,0.0,1.33,5.5,7.5,,,,,,,,,,,,,,,,,,,,,,,,,,,,,,,,,,,,,,,,,,,,,,2023-24
E0,30/12/2023,Luton,Chelsea,2,3,A,0.0,2.0,A,P Tierney,15.0,12.0,6.0,8.0,14.0,21.0,7.0,2.0,2.0,2.0,0.0,0.0,6.5,4.2,1.5,,,,,,,,,,,,,,,,,,,,,,,,,,,,,,,,,,,,,,,,,,,,,,2023-24
E0,30/12/2023,Aston Villa,Burnley,3,2,H,2.0,1.0,H,S Attwell,19.0,9.0,7.0,5.0,9.0,14.0,6.0,2.0,4.0,1.0,0.0,1.0,1.36,5.25,7.5,,,,,,,,,,,,,,,,,,,,,,,,,,,,,,,,,,,,,,,,,,,,,,2023-24
E0,30/12/2023,Crystal Palace,Brentford,3,1,H,2.0,1.0,H,R Jones,13.0,9.0,6.0,4.0,14.0,10.0,7.0,4.0,0.0,1.0,0.0,0.0,2.2,3.3,3.4,,,,,,,,,,,,,,,,,,,,,,,,,,,,,,,,,,,,,,,,,,,,,,2023-24
E0,30/12/2023,Man City,Sheffield United,2,0,H,1.0,0.0,H,D Coote,18.0,4.0,4.0,2.0,5.0,6.0,12.0,2.0,1.0,1.0,0.0,0.0,1.08,11.0,29.0,,,,,,,,,,,,,,,,,,,,,,,,,,,,,,,,,,,,,,,,,,,,,,2023-24
E0,30/12/2023,Wolves,Everton,3,0,H,1.0,0.0,H,T Bramall,12.0,10.0,6.0,0.0,9.0,14.0,5.0,2.0,2.0,3.0,0.0,0.0,2.63,3.3,2.7,,,,,,,,,,,,,,,,,,,,,,,,,,,,,,,,,,,,,,,,,,,,,,2023-24
E0,30/12/2023,Nott'm Forest,Man United,2,1,H,0.0,0.0,D,T Robinson,8.0,10.0,2.0,5.0,9.0,11.0,4.0,5.0,2.0,4.0,0.0,0.0,3.2,3.6,2.15,,,,,,,,,,,,,,,,,,,,,,,,,,,,,,,,,,,,,,,,,,,,,,2023-24
E0,31/12/2023,Fulham,Arsenal,2,1,H,1.0,1.0,D,J Smith,15.0,13.0,4.0,3.0,11.0,10.0,5.0,4.0,4.0,1.0,0.0,0.0,5.25,4.5,1.55,,,,,,,,,,,,,,,,,,,,,,,,,,,,,,,,,,,,,,,,,,,,,,2023-24
E0,31/12/2023,Tottenham,Bournemouth,3,1,H,1.0,0.0,H,S Hooper,12.0,24.0,6.0,4.0,9.0,18.0,4.0,13.0,3.0,3.0,0.0,0.0,1.75,4.2,4.0,,,,,,,,,,,,,,,,,,,,,,,,,,,,,,,,,,,,,,,,,,,,,,2023-24
E0,01/01/2024,Liverpool,Newcastle,4,2,H,0.0,0.0,D,A Taylor,34.0,5.0,15.0,3.0,16.0,15.0,7.0,3.0,3.0,5.0,0.0,0.0,1.45,4.5,7.0,,,,,,,,,,,,,,,,,,,,,,,,,,,,,,,,,,,,,,,,,,,,,,2023-24
E0,02/01/2024,West Ham,Brighton,0,0,D,0.0,0.0,D,S Barrott,6.0,22.0,2.0,8.0,4.0,6.0,2.0,0.0,1.0,0.0,0.0,0.0,2.45,3.75,2.75,,,,,,,,,,,,,,,,,,,,,,,,,,,,,,,,,,,,,,,,,,,,,,2023-24
E0,12/01/2024,Burnley,Luton,1,1,D,1.0,0.0,H,T Harrington,13.0,14.0,7.0,5.0,7.0,12.0,2.0,8.0,1.0,0.0,0.0,0.0,2.0,3.6,3.6,,,,,,,,,,,,,,,,,,,,,,,,,,,,,,,,,,,,,,,,,,,,,,2023-24
E0,13/01/2024,Chelsea,Fulham,1,0,H,1.0,0.0,H,A Taylor,17.0,14.0,3.0,4.0,13.0,9.0,6.0,4.0,5.0,1.0,0.0,0.0,1.6,4.2,5.25,,,,,,,,,,,,,,,,,,,,,,,,,,,,,,,,,,,,,,,,,,,,,,2023-24
E0,13/01/2024,Newcastle,Man City,2,3,A,2.0,1.0,H,C Kavanagh,12.0,27.0,5.0,11.0,7.0,7.0,3.0,13.0,1.0,2.0,0.0,0.0,5.5,4.33,1.55,,,,,,,,,,,,,,,,,,,,,,,,,,,,,,,,,,,,,,,,,,,,,,2023-24
E0,14/01/2024,Everton,Aston Villa,0,0,D,0.0,0.0,D,D Coote,10.0,16.0,2.0,5.0,13.0,14.0,4.0,5.0,1.0,4.0,0.0,0.0,2.8,3.5,2.45,,,,,,,,,,,,,,,,,,,,,,,,,,,,,,,,,,,,,,,,,,,,,,2023-24
E0,14/01/2024,Man United,Tottenham,2,2,D,2.0,1.0,H,J Brooks,9.0,16.0,2.0,6.0,8.0,5.0,8.0,13.0,2.0,1.0,0.0,0.0,2.2,3.75,3.0,,,,,,,,,,,,,,,,,,,,,,,,,,,,,,,,,,,,,,,,,,,,,,2023-24
E0,20/01/2024,Arsenal,Crystal Palace,5,0,H,2.0,0.0,H,P Tierney,21.0,12.0,6.0,5.0,8.0,12.0,6.0,7.0,0.0,0.0,0.0,0.0,1.3,5.75,9.0,,,,,,,,,,,,,,,,,,,,,,,,,,,,,,,,,,,,,,,,,,,,,,2023-24
E0,20/01/2024,Brentford,Nott'm Forest,3,2,H,1.0,1.0,D,D England,11.0,12.0,5.0,3.0,10.0,14.0,6.0,4.0,1.0,3.0,0.0,0.0,1.91,3.6,4.0,,,,,,,,,,,,,,,,,,,,,,,,,,,,,,,,,,,,,,,,,,,,,,2023-24
E0,21/01/2024,Sheffield United,West Ham,2,2,D,1.0,1.0,D,M Salisbury,21.0,16.0,6.0,5.0,11.0,10.0,4.0,1.0,3.0,1.0,1.0,1.0,3.4,3.3,2.2,,,,,,,,,,,,,,,,,,,,,,,,,,,,,,,,,,,,,,,,,,,,,,2023-24
E0,21/01/2024,Bournemouth,Liverpool,0,4,A,0.0,0.0,D,A Madley,11.0,14.0,1.0,7.0,9.0,12.0,8.0,5.0,1.0,2.0,0.0,0.0,4.2,4.5,1.7,,,,,,,,,,,,,,,,,,,,,,,,,,,,,,,,,,,,,,,,,,,,,,2023-24
E0,22/01/2024,Brighton,Wolves,0,0,D,0.0,0.0,D,C Pawson,11.0,8.0,4.0,3.0,10.0,13.0,8.0,2.0,1.0,4.0,0.0,0.0,1.65,4.33,5.0,,,,,,,,,,,,,,,,,,,,,,,,,,,,,,,,,,,,,,,,,,,,,,2023-24
E0,30/01/2024,Nott'm Forest,Arsenal,1,2,A,0.0,0.0,D,S Hooper,9.0,19.0,3.0,3.0,6.0,7.0,2.0,11.0,0.0,1.0,0.0,0.0,7.5,5.0,1.4,,,,,,,,,,,,,,,,,,,,,,,,,,,,,,,,,,,,,,,,,,,,,,2023-24
E0,30/01/2024,Fulham,Everton,0,0,D,0.0,0.0,D,T Bramall,25.0,21.0,6.0,4.0,6.0,13.0,15.0,6.0,1.0,2.0,0.0,0.0,2.45,3.2,3.0,,,,,,,,,,,,,,,,,,,,,,,,,,,,,,,,,,,,,,,,,,,,,,2023-24
E0,30/01/2024,Luton,Brighton,4,0,H,3.0,0.0,H,R Jones,18.0,9.0,8.0,2.0,13.0,14.0,7.0,4.0,2.0,2.0,0.0,0.0,4.2,4.2,1.75,,,,,,,,,,,,,,,,,,,,,,,,,,,,,,,,,,,,,,,,,,,,,,2023-24
E0,30/01/2024,Crystal Palace,Sheffield United,3,2,H,2.0,2.0,D,T Harrington,12.0,9.0,4.0,5.0,8.0,18.0,11.0,1.0,1.0,4.0,0.0,0.0,1.62,3.6,6.5,,,,,,,,,,,,,,,,,,,,,,,,,,,,,,,,,,,,,,,,,,,,,,2023-24
E0,30/01/2024,Aston Villa,Newcastle,1,3,A,0.0,2.0,A,J Brooks,12.0,14.0,6.0,5.0,14.0,12.0,8.0,7.0,4.0,1.0,0.0,0.0,1.85,4.0,3.8,,,,,,,,,,,,,,,,,,,,,,,,,,,,,,,,,,,,,,,,,,,,,,2023-24
E0,31/01/2024,Man City,Burnley,3,1,H,2.0,0.0,H,S Barrott,14.0,8.0,4.0,3.0,3.0,13.0,7.0,3.0,2.0,2.0,0.0,0.0,1.08,12.0,21.0,,,,,,,,,,,,,,,,,,,,,,,,,,,,,,,,,,,,,,,,,,,,,,2023-24
E0,31/01/2024,Tottenham,Brentford,3,2,H,0.0,1.0,A,D Coote,19.0,9.0,5.0,5.0,13.0,15.0,5.0,3.0,2.0,3.0,0.0,0.0,1.67,4.2,4.75,,,,,,,,,,,,,,,,,,,,,,,,,,,,,,,,,,,,,,,,,,,,,,2023-24
E0,31/01/2024,Liverpool,Chelsea,4,1,H,2.0,0.0,H,P Tierney,28.0,4.0,13.0,3.0,15.0,16.0,8.0,1.0,2.0,4.0,0.0,0.0,1.57,4.33,5.25,,,,,,,,,,,,,,,,,,,,,,,,,,,,,,,,,,,,,,,,,,,,,,2023-24
E0,01/02/2024,West Ham,Bournemouth,1,1,D,0.0,1.0,A,T Robinson,9.0,9.0,3.0,4.0,13.0,11.0,1.0,5.0,1.0,3.0,0.0,0.0,2.4,3.75,2.75,,,,,,,,,,,,,,,,,,,,,,,,,,,,,,,,,,,,,,,,,,,,,,2023-24
E0,01/02/2024,Wolves,Man United,3,4,A,0.0,2.0,A,J Gillett,16.0,21.0,7.0,8.0,10.0,10.0,4.0,5.0,2.0,5.0,0.0,0.0,2.63,3.6,2.55,,,,,,,,,,,,,,,,,,,,,,,,,,,,,,,,,,,,,,,,,,,,,,2023-24
E0,03/02/2024,Everton,Tottenham,2,2,D,1.0,2.0,A,M Oliver,14.0,9.0,5.0,6.0,8.0,14.0,9.0,5.0,3.0,0.0,0.0,0.0,3.0,3.6,2.25,,,,,,,,,,,,,,,,,,,,,,,,,,,,,,,,,,,,,,,,,,,,,,2023-24
E0,03/02/2024,Brighton,Crystal Palace,4,1,H,3.0,0.0,H,S Hooper,13.0,7.0,6.0,5.0,8.0,14.0,3.0,2.0,1.0,3.0,0.0,0.0,1.7,4.0,4.75,,,,,,,,,,,,,,,,,,,,,,,,,,,,,,,,,,,,,,,,,,,,,,2023-24
E0,03/02/2024,Burnley,Fulham,2,2,D,0.0,2.0,A,D Bond,12.0,15.0,4.0,7.0,11.0,7.0,2.0,13.0,2.0,2.0,0.0,0.0,2.9,3.4,2.38,,,,,,,,,,,,,,,,,,,,,,,,,,,,,,,,,,,,,,,,,,,,,,2023-24
E0,03/02/2024,Newcastle,Luton,4,4,D,2.0,2.0,D,T Bramall,19.0,11.0,6.0,8.0,13.0,16.0,8.0,2.0,2.0,2.0,0.0,0.0,1.44,4.75,6.5,,,,,,,,,,,,,,,,,,,,,,,,,,,,,,,,,,,,,,,,,,,,,,2023-24
E0,03/02/2024,Sheffield United,Aston Villa,0,5,A,0.0,4.0,A,P Tierney,10.0,14.0,5.0,10.0,10.0,7.0,3.0,4.0,1.0,0.0,0.0,0.0,5.25,4.2,1.62,,,,,,,,,,,,,,,,,,,,,,,,,,,,,,,,,,,,,,,,,,,,,,2023-24
E0,04/02/2024,Bournemouth,Nott'm Forest,1,1,D,1.0,1.0,D,R Welch,9.0,8.0,2.0,6.0,19.0,12.0,11.0,6.0,3.0,2.0,1.0,0.0,1.7,4.2,4.5,,,,,,,,,,,,,,,,,,,,,,,,,,,,,,,,,,,,,,,,,,,,,,2023-24
E0,04/02/2024,Chelsea,Wolves,2,4,A,1.0,2.0,A,T Robinson,15.0,14.0,6.0,7.0,15.0,11.0,10.0,1.0,3.0,2.0,0.0,0.0,1.62,4.0,5.5,,,,,,,,,,,,,,,,,,,,,,,,,,,,,,,,,,,,,,,,,,,,,,2023-24
E0,04/02/2024,Man United,West Ham,3,0,H,1.0,0.0,H,A Madley,12.0,22.0,5.0,3.0,10.0,5.0,5.0,8.0,0.0,1.0,0.0,0.0,1.62,4.2,5.0,,,,,,,,,,,,,,,,,,,,,,,,,,,,,,,,,,,,,,,,,,,,,,2023-24
E0,04/02/2024,Arsenal,Liverpool,3,1,H,1.0,1.0,D,A Taylor,15.0,10.0,7.0,1.0,11.0,11.0,2.0,4.0,6.0,2.0,0.0,1.0,2.2,3.6,3.1,,,,,,,,,,,,,,,,,,,,,,,,,,,,,,,,,,,,,,,,,,,,,,2023-24
E0,05/02/2024,Brentford,Man City,1,3,A,1.0,1.0,D,J Gillett,9.0,25.0,3.0,15.0,2.0,4.0,8.0,13.0,1.0,0.0,0.0,0.0,7.0,4.75,1.4,,,,,,,,,,,,,,,,,,,,,,,,,,,,,,,,,,,,,,,,,,,,,,2023-24
E0,10/02/2024,Man City,Everton,2,0,H,0.0,0.0,D,J Brooks,19.0,5.0,3.0,1.0,6.0,11.0,9.0,0.0,0.0,2.0,0.0,0.0,1.18,8.0,13.0,,,,,,,,,,,,,,,,,,,,,,,,,,,,,,,,,,,,,,,,,,,,,,2023-24
E0,10/02/2024,Fulham,Bournemouth,3,1,H,2.0,0.0,H,D England,7.0,25.0,6.0,4.0,11.0,11.0,1.0,14.0,1.0,2.0,0.0,0.0,2.38,3.5,2.8,,,,,,,,,,,,,,,,,,,,,,,,,,,,,,,,,,,,,,,,,,,,,,2023-24
E0,10/02/2024,Liverpool,Burnley,3,1,H,1.0,1.0,D,T Robinson,25.0,9.0,10.0,4.0,11.0,13.0,9.0,3.0,3.0,2.0,0.0,0.0,1.17,8.0,17.0,,,,,,,,,,,,,,,,,,,,,,,,,,,,,,,,,,,,,,,,,,,,,,2023-24
E0,10/02/2024,Luton,Sheffield United,1,3,A,0.0,2.0,A,C Kavanagh,20.0,7.0,5.0,3.0,7.0,12.0,13.0,1.0,1.0,2.0,0.0,0.0,1.75,3.75,4.75,,,,,,,,,,,,,,,,,,,,,,,,,,,,,,,,,,,,,,,,,,,,,,2023-24
E0,10/02/2024,Tottenham,Brighton,2,1,H,0.0,1.0,A,S Barrott,16.0,6.0,6.0,3.0,14.0,13.0,9.0,6.0,2.0,3.0,0.0,0.0,1.8,4.2,3.8,,,,,,,,,,,,,,,,,,,,,,,,,,,,,,,,,,,,,,,,,,,,,,2023-24
E0,10/02/2024,Wolves,Brentford,0,2,A,0.0,1.0,A,S Hooper,17.0,9.0,5.0,6.0,11.0,9.0,7.0,4.0,2.0,3.0,0.0,0.0,2.1,3.6,3.4,,,,,,,,,,,,,,,,,,,,,,,,,,,,,,,,,,,,,,,,,,,,,,2023-24
E0,10/02/2024,Nott'm Forest,Newcastle,2,3,A,2.0,2.0,D,A Taylor,13.0,7.0,3.0,5.0,9.0,6.0,4.0,4.0,1.0,2.0,0.0,0.0,3.3,3.75,2.05,,,,,,,,,,,,,,,,,,,,,,,,,,,,,,,,,,,,,,,,,,,,,,2023-24
E0,11/02/2024,West Ham,Arsenal,0,6,A,0.0,4.0,A,C Pawson,5.0,25.0,1.0,12.0,17.0,11.0,2.0,6.0,4.0,0.0,0.0,0.0,6.0,4.33,1.53,,,,,,,,,,,,,,,,,,,,,,,,,,,,,,,,,,,,,,,,,,,,,,2023-24
E0,11/02/2024,Aston Villa,Man United,1,2,A,0.0,1.0,A,R Jones,23.0,17.0,10.0,5.0,9.0,7.0,10.0,8.0,3.0,2.0,0.0,0.0,2.15,3.75,3.1,,,,,,,,,,,,,,,,,,,,,,,,,,,,,,,,,,,,,,,,,,,,,,2023-24
E0,12/02/2024,Crystal Palace,Chelsea,1,3,A,1.0,0.0,H,M Oliver,13.0,14.0,4.0,5.0,14.0,7.0,1.0,7.0,2.0,2.0,0.0,0.0,4.2,3.8,1.85,,,,,,,,,,,,,,,,,,,,,,,,,,,,,,,,,,,,,,,,,,,,,,2023-24
E0,17/02/2024,Brentford,Liverpool,1,4,A,0.0,1.0,A,M Oliver,15.0,15.0,6.0,8.0,4.0,18.0,1.0,6.0,2.0,1.0,0.0,0.0,5.5,4.33,1.57,,,,,,,,,,,,,,,,,,,,,,,,,,,,,,,,,,,,,,,,,,,,,,2023-24
E0,17/02/2024,Burnley,Arsenal,0,5,A,0.0,2.0,A,J Gillett,8.0,16.0,0.0,7.0,11.0,8.0,4.0,6.0,2.0,1.0,0.0,0.0,10.0,5.75,1.29,,,,,,,,,,,,,,,,,,,,,,,,,,,,,,,,,,,,,,,,,,,,,,2023-24
E0,17/02/2024,Fulham,Aston Villa,1,2,A,0.0,1.0,A,L Smith,15.0,12.0,4.0,3.0,11.0,6.0,4.0,4.0,5.0,2.0,0.0,0.0,2.9,3.75,2.2,,,,,,,,,,,,,,,,,,,,,,,,,,,,,,,,,,,,,,,,,,,,,,2023-24
E0,17/02/2024,Newcastle,Bournemouth,2,2,D,0.0,0.0,D,M Salisbury,17.0,12.0,5.0,7.0,9.0,22.0,4.0,2.0,1.0,3.0,0.0,0.0,1.83,4.2,3.75,,,,,,,,,,,,,,,,,,,,,,,,,,,,,,,,,,,,,,,,,,,,,,2023-24
E0,17/02/2024,Nott'm Forest,West Ham,2,0,H,1.0,0.0,H,T Bramall,19.0,10.0,8.0,3.0,13.0,15.0,5.0,3.0,4.0,4.0,0.0,1.0,2.38,3.5,2.9,,,,,,,,,,,,,,,,,,,,,,,,,,,,,,,,,,,,,,,,,,,,,,2023-24
E0,17/02/2024,Tottenham,Wolves,1,2,A,0.0,1.0,A,A Taylor,15.0,12.0,4.0,7.0,8.0,13.0,10.0,4.0,0.0,1.0,0.0,0.0,1.53,4.75,5.25,,,,,,,,,,,,,,,,,,,,,,,,,,,,,,,,,,,,,,,,,,,,,,2023-24
E0,17/02/2024,Man City,Chelsea,1,1,D,0.0,1.0,A,A Madley,31.0,9.0,5.0,6.0,7.0,12.0,12.0,1.0,1.0,3.0,0.0,0.0,1.33,5.5,8.0,,,,,,,,,,,,,,,,,,,,,,,,,,,,,,,,,,,,,,,,,,,,,,2023-24
E0,18/02/2024,Sheffield United,Brighton,0,5,A,0.0,2.0,A,S Attwell,6.0,24.0,1.0,10.0,3.0,5.0,5.0,10.0,1.0,4.0,1.0,0.0,5.0,4.2,1.62,,,,,,,,,,,,,,,,,,,,,,,,,,,,,,,,,,,,,,,,,,,,,,2023-24
E0,18/02/2024,Luton,Man United,1,2,A,1.0,2.0,A,D Coote,22.0,21.0,4.0,9.0,7.0,21.0,8.0,6.0,3.0,5.0,0.0,0.0,4.0,4.0,1.8,,,,,,,,,,,,,,,,,,,,,,,,,,,,,,,,,,,,,,,,,,,,,,2023-24
E0,19/02/2024,Everton,Crystal Palace,1,1,D,0.0,0.0,D,P Tierney,19.0,10.0,4.0,4.0,8.0,12.0,3.0,6.0,0.0,2.0,0.0,0.0,1.7,3.6,5.25,,,,,,,,,,,,,,,,,,,,,,,,,,,,,,,,,,,,,,,,,,,,,,2023-24
E0,20/02/2024,Man City,Brentford,1,0,H,0.0,0.0,D,D England,25.0,6.0,11.0,2.0,12.0,6.0,10.0,1.0,2.0,4.0,0.0,0.0,1.18,8.0,13.0,,,,,,,,,,,,,,,,,,,,,,,,,,,,,,,,,,,,,,,,,,,,,,2023-24
E0,21/02/2024,Liverpool,Luton,4,1,H,0.0,1.0,A,A Madley,29.0,12.0,13.0,3.0,15.0,14.0,13.0,4.0,1.0,4.0,0.0,0.0,1.2,7.0,13.0,,,,,,,,,,,,,,,,,,,,,,,,,,,,,,,,,,,,,,,,,,,,,,2023-24
E0,24/02/2024,Aston Villa,Nott'm Forest,4,2,H,3.0,1.0,H,S Barrott,16.0,10.0,6.0,3.0,7.0,16.0,7.0,2.0,1.0,2.0,0.0,0.0,1.53,4.5,5.75,,,,,,,,,,,,,,,,,,,,,,,,,,,,,,,,,,,,,,,,,,,,,,2023-24
E0,24/02/2024,Brighton,Everton,1,1,D,0.0,0.0,D,T Harrington,23.0,6.0,7.0,3.0,9.0,14.0,11.0,3.0,2.0,3.0,1.0,0.0,1.83,3.8,4.2,,,,,,,,,,,,,,,,,,,,,,,,,,,,,,,,,,,,,,,,,,,,,,2023-24
E0,24/02/2024,Crystal Palace,Burnley,3,0,H,0.0,0.0,D,L Smith,15.0,2.0,6.0,0.0,8.0,13.0,12.0,3.0,3.0,1.0,0.0,1.0,1.95,3.5,4.0,,,,,,,,,,,,,,,,,,,,,,,,,,,,,,,,,,,,,,,,,,,,,,2023-24
E0,24/02/2024,Man United,Fulham,1,2,A,0.0,0.0,D,M Oliver,21.0,17.0,9.0,5.0,6.0,11.0,10.0,9.0,2.0,5.0,0.0,0.0,1.57,4.33,5.5,,,,,,,,,,,,,,,,,,,,,,,,,,,,,,,,,,,,,,,,,,,,,,2023-24
E0,24/02/2024,Bournemouth,Man City,0,1,A,0.0,1.0,A,J Gillett,13.0,15.0,4.0,6.0,14.0,6.0,3.0,8.0,2.0,2.0,0.0,0.0,7.0,5.25,1.4,,,,,,,,,,,,,,,,,,,,,,,,,,,,,,,,,,,,,,,,,,,,,,2023-24
E0,24/02/2024,Arsenal,Newcastle,4,1,H,2.0,0.0,H,P Tierney,18.0,3.0,8.0,2.0,15.0,6.0,9.0,0.0,1.0,0.0,0.0,0.0,1.36,5.25,8.0,,,,,,,,,,,,,,,,,,,,,,,,,,,,,,,,,,,,,,,,,,,,,,2023-24
E0,25/02/2024,Wolves,Sheffield United,1,0,H,1.0,0.0,H,D Bond,13.0,12.0,2.0,4.0,8.0,4.0,5.0,6.0,2.0,1.0,0.0,0.0,1.44,4.75,7.0,,,,,,,,,,,,,,,,,,,,,,,,,,,,,,,,,,,,,,,,,,,,,,2023-24
E0,26/02/2024,West Ham,Brentford,4,2,H,2.0,1.0,H,S Hooper,17.0,14.0,6.0,8.0,5.0,9.0,1.0,7.0,1.0,2.0,0.0,0.0,2.5,3.5,2.75,,,,,,,,,,,,,,,,,,,,,,,,,,,,,,,,,,,,,,,,,,,,,,2023-24
E0,02/03/2024,Brentford,Chelsea,2,2,D,0.0,1.0,A,J Gillett,14.0,17.0,5.0,6.0,10.0,9.0,0.0,6.0,3.0,1.0,0.0,0.0,3.1,3.75,2.15,,,,,,,,,,,,,,,,,,,,,,,,,,,,,,,,,,,,,,,,,,,,,,2023-24
E0,02/03/2024,Everton,West Ham,1,3,A,0.0,0.0,D,C Pawson,22.0,12.0,11.0,5.0,9.0,6.0,4.0,5.0,1.0,2.0,0.0,0.0,2.05,3.6,3.5,,,,,,,,,,,,,,,,,,,,,,,,,,,,,,,,,,,,,,,,,,,,,,2023-24
E0,02/03/2024,Fulham,Brighton,3,0,H,2.0,0.0,H,S Hooper,12.0,15.0,5.0,5.0,16.0,10.0,2.0,6.0,1.0,2.0,0.0,0.0,2.55,3.6,2.63,,,,,,,,,,,,,,,,,,,,,,,,,,,,,,,,,,,,,,,,,,,,,,2023-24
E0,02/03/2024,Newcastle,Wolves,3,0,H,2.0,0.0,H,T Robinson,14.0,12.0,7.0,3.0,8.0,11.0,3.0,5.0,0.0,1.0,0.0,0.0,1.91,4.0,3.6,,,,,,,,,,,,,,,,,,,,,,,,,,,,,,,,,,,,,,,,,,,,,,2023-24
E0,02/03/2024,Nott'm Forest,Liverpool,0,1,A,0.0,0.0,D,P Tierney,8.0,22.0,2.0,2.0,11.0,12.0,3.0,12.0,2.0,2.0,0.0,0.0,6.0,4.33,1.53,,,,,,,,,,,,,,,,,,,,,,,,,,,,,,,,,,,,,,,,,,,,,,2023-24
E0,02/03/2024,Tottenham,Crystal Palace,3,1,H,0.0,0.0,D,J Brooks,14.0,4.0,6.0,1.0,7.0,16.0,11.0,1.0,1.0,2.0,0.0,0.0,1.5,4.33,6.5,,,,,,,,,,,,,,,,,,,,,,,,,,,,,,,,,,,,,,,,,,,,,,2023-24
E0,02/03/2024,Luton,Aston Villa,2,3,A,0.0,2.0,A,M Oliver,13.0,12.0,5.0,8.0,8.0,19.0,8.0,6.0,1.0,4.0,0.0,0.0,4.33,4.2,1.73,,,,,,,,,,,,,,,,,,,,,,,,,,,,,,,,,,,,,,,,,,,,,,2023-24
E0,03/03/2024,Burnley,Bournemouth,0,2,A,0.0,1.0,A,D Coote,20.0,10.0,6.0,3.0,8.0,13.0,7.0,2.0,2.0,4.0,0.0,0.0,3.75,3.6,1.95,,,,,,,,,,,,,,,,,,,,,,,,,,,,,,,,,,,,,,,,,,,,,,2023-24
E0,03/03/2024,Man City,Man United,3,1,H,0.0,1.0,A,A Madley,27.0,3.0,8.0,1.0,5.0,10.0,15.0,2.0,0.0,1.0,0.0,0.0,1.25,5.75,11.0,,,,,,,,,,,,,,,,,,,,,,,,,,,,,,,,,,,,,,,,,,,,,,2023-24
E0,04/03/2024,Sheffield United,Arsenal,0,6,A,0.0,5.0,A,S Barrott,4.0,22.0,0.0,10.0,11.0,4.0,0.0,7.0,1.0,0.0,0.0,0.0,17.0,7.0,1.18,,,,,,,,,,,,,,,,,,,,,,,,,,,,,,,,,,,,,,,,,,,,,,2023-24
E0,09/03/2024,Man United,Everton,2,0,H,2.0,0.0,H,S Hooper,15.0,23.0,8.0,6.0,13.0,11.0,5.0,8.0,1.0,2.0,0.0,0.0,1.83,3.6,4.0,,,,,,,,,,,,,,,,,,,,,,,,,,,,,,,,,,,,,,,,,,,,,,2023-24
E0,09/03/2024,Bournemouth,Sheffield United,2,2,D,0.0,1.0,A,A Taylor,32.0,13.0,12.0,9.0,12.0,11.0,10.0,3.0,3.0,5.0,0.0,0.0,1.33,5.25,8.0,,,,,,,,,,,,,,,,,,,,,,,,,,,,,,,,,,,,,,,,,,,,,,2023-24
E0,09/03/2024,Crystal Palace,Luton,1,1,D,1.0,0.0,H,S Singh,21.0,8.0,4.0,2.0,20.0,11.0,8.0,6.0,2.0,3.0,0.0,0.0,1.75,3.8,4.2,,,,,,,,,,,,,,,,,,,,,,,,,,,,,,,,,,,,,,,,,,,,,,2023-24
E0,09/03/2024,Wolves,Fulham,2,1,H,0.0,0.0,D,T Harrington,8.0,23.0,3.0,6.0,7.0,11.0,3.0,4.0,2.0,2.0,0.0,0.0,2.5,3.4,2.75,,,,,,,,,,,,,,,,,,,,,,,,,,,,,,,,,,,,,,,,,,,,,,2023-24
E0,09/03/2024,Arsenal,Brentford,2,1,H,1.0,1.0,D,R Jones,17.0,9.0,6.0,4.0,9.0,10.0,10.0,4.0,2.0,4.0,0.0,0.0,1.22,7.0,11.0,,,,,,,,,,,,,,,,,,,,,,,,,,,,,,,,,,,,,,,,,,,,,,2023-24
E0,10/03/2024,Aston Villa,Tottenham,0,4,A,0.0,0.0,D,C Kavanagh,10.0,9.0,1.0,5.0,11.0,15.0,6.0,4.0,0.0,2.0,1.0,0.0,2.38,4.0,2.6,,,,,,,,,,,,,,,,,,,,,,,,,,,,,,,,,,,,,,,,,,,,,,2023-24
E0,10/03/2024,Brighton,Nott'm Forest,1,0,H,1.0,0.0,H,M Salisbury,10.0,9.0,3.0,4.0,14.0,14.0,6.0,3.0,4.0,4.0,0.0,0.0,1.8,4.0,4.0,,,,,,,,,,,,,,,,,,,,,,,,,,,,,,,,,,,,,,,,,,,,,,2023-24
E0,10/03/2024,West Ham,Burnley,2,2,D,0.0,2.0,A,D England,22.0,11.0,4.0,4.0,11.0,18.0,4.0,4.0,2.0,4.0,0.0,0.0,1.67,4.0,4.75,,,,,,,,,,,,,,,,,,,,,,,,,,,,,,,,,,,,,,,,,,,,,,2023-24
E0,10/03/2024,Liverpool,Man City,1,1,D,0.0,1.0,A,M Oliver,19.0,10.0,6.0,6.0,6.0,10.0,7.0,4.0,0.0,3.0,0.0,0.0,3.0,3.75,2.2,,,,,,,,,,,,,,,,,,,,,,,,,,,,,,,,,,,,,,,,,,,,,,2023-24
E0,11/03/2024,Chelsea,Newcastle,3,2,H,1.0,1.0,D,J Brooks,12.0,11.0,8.0,3.0,12.0,7.0,0.0,4.0,3.0,1.0,0.0,0.0,1.91,4.0,3.6,,,,,,,,,,,,,,,,,,,,,,,,,,,,,,,,,,,,,,,,,,,,,,2023-24
E0,13/03/2024,Bournemouth,Luton,4,3,H,0.0,3.0,A,S Allison,24.0,8.0,10.0,4.0,16.0,11.0,11.0,3.0,1.0,2.0,0.0,0.0,1.5,4.75,5.75,,,,,,,,,,,,,,,,,,,,,,,,,,,,,,,,,,,,,,,,,,,,,,2023-24
E0,16/03/2024,Burnley,Brentford,2,1,H,1.0,0.0,H,D Bond,17.0,9.0,6.0,5.0,14.0,17.0,5.0,4.0,2.0,4.0,0.0,1.0,3.25,3.6,2.15,,,,,,,,,,,,,,,,,,,,,,,,,,,,,,,,,,,,,,,,,,,,,,2023-24
E0,16/03/2024,Luton,Nott'm Forest,1,1,D,0.0,1.0,A,D England,10.0,16.0,4.0,6.0,10.0,17.0,6.0,7.0,1.0,2.0,0.0,0.0,2.8,3.5,2.45,,,,,,,,,,,,,,,,,,,,,,,,,,,,,,,,,,,,,,,,,,,,,,2023-24
E0,16/03/2024,Fulham,Tottenham,3,0,H,1.0,0.0,H,R Jones,16.0,14.0,7.0,5.0,9.0,10.0,4.0,5.0,2.0,3.0,0.0,0.0,3.5,3.8,1.95,,,,,,,,,,,,,,,,,,,,,,,,,,,,,,,,,,,,,,,,,,,,,,2023-24
E0,17/03/2024,West Ham,Aston Villa,1,1,D,1.0,0.0,H,J Gillett,13.0,13.0,5.0,5.0,13.0,12.0,7.0,11.0,3.0,3.0,0.0,0.0,2.63,3.75,2.45,,,,,,,,,,,,,,,,,,,,,,,,,,,,,,,,,,,,,,,,,,,,,,2023-24
E0,30/03/2024,Newcastle,West Ham,4,3,H,1.0,2.0,A,R Jones,24.0,10.0,9.0,4.0,9.0,8.0,3.0,4.0,1.0,1.0,1.0,0.0,1.83,4.2,3.8,,,,,,,,,,,,,,,,,,,,,,,,,,,,,,,,,,,,,,,,,,,,,,2023-24
E0,30/03/2024,Bournemouth,Everton,2,1,H,0.0,0.0,D,S Barrott,11.0,7.0,4.0,3.0,14.0,11.0,9.0,8.0,1.0,2.0,0.0,0.0,2.2,3.6,3.2,,,,,,,,,,,,,,,,,,,,,,,,,,,,,,,,,,,,,,,,,,,,,,2023-24
E0,30/03/2024,Chelsea,Burnley,2,2,D,1.0,0.0,H,D England,33.0,18.0,13.0,7.0,12.0,7.0,12.0,4.0,2.0,2.0,0.0,1.0,1.29,6.0,9.5,,,,,,,,,,,,,,,,,,,,,,,,,,,,,,,,,,,,,,,,,,,,,,2023-24
E0,30/03/2024,Nott'm Forest,Crystal Palace,1,1,D,0.0,1.0,A,C Kavanagh,12.0,10.0,5.0,3.0,14.0,12.0,4.0,6.0,1.0,1.0,0.0,0.0,2.2,3.3,3.4,,,,,,,,,,,,,,,,,,,,,,,,,,,,,,,,,,,,,,,,,,,,,,2023-24
E0,30/03/2024,Sheffield United,Fulham,3,3,D,0.0,0.0,D,T Robinson,8.0,24.0,4.0,9.0,10.0,13.0,2.0,15.0,4.0,1.0,0.0,0.0,4.5,4.0,1.73,,,,,,,,,,,,,,,,,,,,,,,,,,,,,,,,,,,,,,,,,,,,,,2023-24
E0,30/03/2024,Tottenham,Luton,2,1,H,0.0,1.0,A,J Gillett,17.0,7.0,4.0,3.0,16.0,14.0,3.0,6.0,2.0,4.0,0.0,0.0,1.2,8.0,11.0,,,,,,,,,,,,,,,,,,,,,,,,,,,,,,,,,,,,,,,,,,,,,,2023-24
E0,30/03/2024,Aston Villa,Wolves,2,0,H,1.0,0.0,H,P Tierney,11.0,13.0,5.0,3.0,11.0,19.0,5.0,4.0,3.0,4.0,0.0,0.0,1.6,4.33,5.0,,,,,,,,,,,,,,,,,,,,,,,,,,,,,,,,,,,,,,,,,,,,,,2023-24
E0,30/03/2024,Brentford,Man United,1,1,D,0.0,0.0,D,S Hooper,31.0,11.0,5.0,5.0,7.0,14.0,14.0,4.0,2.0,2.0,0.0,0.0,3.0,3.8,2.2,,,,,,,,,,,,,,,,,,,,,,,,,,,,,,,,,,,,,,,,,,,,,,2023-24
E0,31/03/2024,Liverpool,Brighton,2,1,H,1.0,1.0,D,D Coote,30.0,9.0,8.0,3.0,20.0,6.0,8.0,4.0,5.0,3.0,0.0,0.0,1.36,5.5,7.5,,,,,,,,,,,,,,,,,,,,,,,,,,,,,,,,,,,,,,,,,,,,,,2023-24
E0,31/03/2024,Man City,Arsenal,0,0,D,0.0,0.0,D,A Taylor,12.0,6.0,1.0,2.0,9.0,20.0,7.0,4.0,0.0,2.0,0.0,0.0,1.91,3.8,3.8,,,,,,,,,,,,,,,,,,,,,,,,,,,,,,,,,,,,,,,,,,,,,,2023-24
E0,02/04/2024,Newcastle,Everton,1,1,D,1.0,0.0,H,T Harrington,18.0,10.0,6.0,3.0,9.0,14.0,7.0,3.0,0.0,3.0,0.0,0.0,2.0,3.75,3.5,,,,,,,,,,,,,,,,,,,,,,,,,,,,,,,,,,,,,,,,,,,,,,2023-24
E0,02/04/2024,Nott'm Forest,Fulham,3,1,H,3.0,0.0,H,M Oliver,16.0,18.0,4.0,3.0,7.0,8.0,3.0,8.0,0.0,0.0,0.0,0.0,2.7,3.4,2.63,,,,,,,,,,,,,,,,,,,,,,,,,,,,,,,,,,,,,,,,,,,,,,2023-24
E0,02/04/2024,Bournemouth,Crystal Palace,1,0,H,0.0,0.0,D,G Scott,11.0,3.0,6.0,2.0,13.0,14.0,9.0,2.0,3.0,2.0,0.0,0.0,1.95,3.8,3.6,,,,,,,,,,,,,,,,,,,,,,,,,,,,,,,,,,,,,,,,,,,,,,2023-24
E0,02/04/2024,Burnley,Wolves,1,1,D,1.0,1.0,D,T Bramall,13.0,8.0,6.0,2.0,10.0,12.0,7.0,4.0,0.0,2.0,0.0,0.0,2.45,3.6,2.75,,,,,,,,,,,,,,,,,,,,,,,,,,,,,,,,,,,,,,,,,,,,,,2023-24
E0,02/04/2024,West Ham,Tottenham,1,1,D,1.0,1.0,D,J Brooks,11.0,13.0,4.0,4.0,13.0,9.0,9.0,5.0,1.0,4.0,0.0,0.0,3.3,4.2,1.95,,,,,,,,,,,,,,,,,,,,,,,,,,,,,,,,,,,,,,,,,,,,,,2023-24
E0,03/04/2024,Arsenal,Luton,2,0,H,2.0,0.0,H,C Pawson,13.0,5.0,4.0,1.0,12.0,8.0,3.0,1.0,1.0,1.0,0.0,0.0,1.1,10.0,19.0,,,,,,,,,,,,,,,,,,,,,,,,,,,,,,,,,,,,,,,,,,,,,,2023-24
E0,03/04/2024,Brentford,Brighton,0,0,D,0.0,0.0,D,A Madley,5.0,24.0,2.0,6.0,9.0,12.0,1.0,5.0,1.0,1.0,0.0,0.0,2.38,3.8,2.75,,,,,,,,,,,,,,,,,,,,,,,,,,,,,,,,,,,,,,,,,,,,,,2023-24
E0,03/04/2024,Man City,Aston Villa,4,1,H,2.0,1.0,H,D England,25.0,8.0,11.0,3.0,6.0,13.0,2.0,3.0,1.0,2.0,0.0,0.0,1.3,6.0,8.0,,,,,,,,,,,,,,,,,,,,,,,,,,,,,,,,,,,,,,,,,,,,,,2023-24
E0,04/04/2024,Liverpool,Sheffield United,3,1,H,1.0,0.0,H,S Attwell,29.0,8.0,9.0,3.0,6.0,9.0,13.0,1.0,0.0,1.0,0.0,0.0,1.09,12.0,21.0,,,,,,,,,,,,,,,,,,,,,,,,,,,,,,,,,,,,,,,,,,,,,,2023-24
E0,04/04/2024,Chelsea,Man United,4,3,H,2.0,2.0,D,J Gillett,28.0,19.0,10.0,5.0,7.0,15.0,12.0,3.0,3.0,0.0,0.0,0.0,2.0,4.0,3.4,,,,,,,,,,,,,,,,,,,,,,,,,,,,,,,,,,,,,,,,,,,,,,2023-24
E0,06/04/2024,Crystal Palace,Man City,2,4,A,1.0,1.0,D,P Tierney,7.0,18.0,4.0,8.0,13.0,3.0,2.0,9.0,1.0,1.0,0.0,0.0,9.5,5.25,1.33,,,,,,,,,,,,,,,,,,,,,,,,,,,,,,,,,,,,,,,,,,,,,,2023-24
E0,06/04/2024,Aston Villa,Brentford,3,3,D,1.0,0.0,H,M Salisbury,11.0,8.0,3.0,3.0,15.0,11.0,11.0,3.0,2.0,2.0,0.0,0.0,1.7,4.0,4.75,,,,,,,,,,,,,,,,,,,,,,,,,,,,,,,,,,,,,,,,,,,,,,2023-24
E0,06/04/2024,Everton,Burnley,1,0,H,1.0,0.0,H,M Oliver,12.0,6.0,3.0,1.0,11.0,13.0,3.0,5.0,2.0,1.0,0.0,1.0,1.65,4.0,5.25,,,,,,,,,,,,,,,,,,,,,,,,,,,,,,,,,,,,,,,,,,,,,,2023-24
E0,06/04/2024,Fulham,Newcastle,0,1,A,0.0,0.0,D,S Allison,14.0,12.0,4.0,5.0,10.0,13.0,14.0,3.0,1.0,2.0,0.0,0.0,2.38,3.8,2.8,,,,,,,,,,,,,,,,,,,,,,,,,,,,,,,,,,,,,,,,,,,,,,2023-24
E0,06/04/2024,Luton,Bournemouth,2,1,H,0.0,0.0,D,A Madley,19.0,8.0,9.0,1.0,7.0,14.0,7.0,2.0,0.0,0.0,0.0,0.0,3.75,3.8,1.91,,,,,,,,,,,,,,,,,,,,,,,,,,,,,,,,,,,,,,,,,,,,,,2023-24
E0,06/04/2024,Wolves,West Ham,1,2,A,1.0,0.0,H,T Harrington,14.0,11.0,7.0,4.0,15.0,7.0,4.0,4.0,5.0,2.0,0.0,0.0,2.5,3.6,2.7,,,,,,,,,,,,,,,,,,,,,,,,,,,,,,,,,,,,,,,,,,,,,,2023-24
E0,06/04/2024,Brighton,Arsenal,0,3,A,0.0,1.0,A,J Brooks,10.0,20.0,2.0,7.0,14.0,13.0,8.0,7.0,1.0,2.0,0.0,0.0,5.0,4.33,1.62,,,,,,,,,,,,,,,,,,,,,,,,,,,,,,,,,,,,,,,,,,,,,,2023-24
E0,07/04/2024,Man United,Liverpool,2,2,D,0.0,1.0,A,A Taylor,9.0,28.0,5.0,7.0,9.0,10.0,6.0,11.0,5.0,2.0,0.0,0.0,4.75,4.5,1.6,,,,,,,,,,,,,,,,,,,,,,,,,,,,,,,,,,,,,,,,,,,,,,2023-24
E0,07/04/2024,Sheffield United,Chelsea,2,2,D,1.0,1.0,D,R Jones,11.0,6.0,6.0,3.0,12.0,10.0,7.0,6.0,4.0,2.0,0.0,0.0,7.0,5.25,1.4,,,,,,,,,,,,,,,,,,,,,,,,,,,,,,,,,,,,,,,,,,,,,,2023-24
E0,07/04/2024,Tottenham,Nott'm Forest,3,1,H,1.0,1.0,D,S Hooper,17.0,13.0,7.0,6.0,11.0,12.0,12.0,2.0,2.0,3.0,0.0,0.0,1.4,5.5,6.5,,,,,,,,,,,,,,,,,,,,,,,,,,,,,,,,,,,,,,,,,,,,,,2023-24
E0,13/04/2024,Newcastle,Tottenham,4,0,H,2.0,0.0,H,T Robinson,18.0,11.0,5.0,2.0,14.0,12.0,16.0,3.0,0.0,4.0,0.0,0.0,2.7,4.0,2.3,,,,,,,,,,,,,,,,,,,,,,,,,,,,,,,,,,,,,,,,,,,,,,2023-24
E0,13/04/2024,Brentford,Sheffield United,2,0,H,0.0,0.0,D,S Barrott,9.0,8.0,5.0,2.0,8.0,11.0,3.0,6.0,3.0,1.0,0.0,0.0,1.44,5.0,6.5,,,,,,,,,,,,,,,,,,,,,,,,,,,,,,,,,,,,,,,,,,,,,,2023-24
E0,13/04/2024,Burnley,Brighton,1,1,D,0.0,0.0,D,S Hooper,11.0,20.0,3.0,8.0,18.0,8.0,4.0,5.0,1.0,2.0,0.0,0.0,3.5,3.75,2.0,,,,,,,,,,,,,,,,,,,,,,,,,,,,,,,,,,,,,,,,,,,,,,2023-24
E0,13/04/2024,Man City,Luton,5,1,H,1.0,0.0,H,J Brooks,33.0,4.0,13.0,2.0,7.0,6.0,12.0,1.0,1.0,0.0,0.0,0.0,1.1,11.0,19.0,,,,,,,,,,,,,,,,,,,,,,,,,,,,,,,,,,,,,,,,,,,,,,2023-24
E0,13/04/2024,Nott'm Forest,Wolves,2,2,D,1.0,1.0,D,C Pawson,18.0,11.0,9.0,4.0,15.0,10.0,10.0,1.0,2.0,3.0,0.0,0.0,2.1,3.4,3.5,,,,,,,,,,,,,,,,,,,,,,,,,,,,,,,,,,,,,,,,,,,,,,2023-24
E0,13/04/2024,Bournemouth,Man United,2,2,D,2.0,1.0,H,T Harrington,20.0,8.0,5.0,2.0,13.0,14.0,7.0,2.0,4.0,0.0,0.0,0.0,2.4,3.9,2.6,,,,,,,,,,,,,,,,,,,,,,,,,,,,,,,,,,,,,,,,,,,,,,2023-24
E0,14/04/2024,Liverpool,Crystal Palace,0,1,A,0.0,1.0,A,C Kavanagh,21.0,8.0,6.0,5.0,10.0,10.0,11.0,1.0,1.0,1.0,0.0,0.0,1.22,7.0,12.0,,,,,,,,,,,,,,,,,,,,,,,,,,,,,,,,,,,,,,,,,,,,,,2023-24
E0,14/04/2024,West Ham,Fulham,0,2,A,0.0,1.0,A,S Attwell,15.0,18.0,4.0,10.0,6.0,13.0,8.0,3.0,1.0,2.0,0.0,0.0,2.38,3.6,2.8,,,,,,,,,,,,,,,,,,,,,,,,,,,,,,,,,,,,,,,,,,,,,,2023-24
E0,14/04/2024,Arsenal,Aston Villa,0,2,A,0.0,0.0,D,D Coote,18.0,11.0,4.0,2.0,12.0,7.0,4.0,6.0,3.0,1.0,0.0,0.0,1.29,5.75,10.0,,,,,,,,,,,,,,,,,,,,,,,,,,,,,,,,,,,,,,,,,,,,,,2023-24
E0,15/04/2024,Chelsea,Everton,6,0,H,4.0,0.0,H,P Tierney,14.0,10.0,10.0,2.0,5.0,21.0,4.0,8.0,1.0,4.0,0.0,0.0,1.7,4.2,4.5,,,,,,,,,,,,,,,,,,,,,,,,,,,,,,,,,,,,,,,,,,,,,,2023-24
E0,20/04/2024,Luton,Brentford,1,5,A,0.0,2.0,A,J Gillett,6.0,21.0,3.0,9.0,13.0,9.0,4.0,9.0,1.0,2.0,0.0,0.0,3.1,3.75,2.15,,,,,,,,,,,,,,,,,,,,,,,,,,,,,,,,,,,,,,,,,,,,,,2023-24
E0,20/04/2024,Sheffield United,Burnley,1,4,A,0.0,2.0,A,A Madley,18.0,16.0,11.0,9.0,10.0,9.0,11.0,2.0,1.0,0.0,0.0,0.0,2.75,3.6,2.45,,,,,,,,,,,,,,,,,,,,,,,,,,,,,,,,,,,,,,,,,,,,,,2023-24
E0,20/04/2024,Wolves,Arsenal,0,2,A,0.0,1.0,A,P Tierney,5.0,24.0,3.0,9.0,14.0,9.0,1.0,2.0,3.0,2.0,0.0,0.0,8.5,4.5,1.4,,,,,,,,,,,,,,,,,,,,,,,,,,,,,,,,,,,,,,,,,,,,,,2023-24
E0,21/04/2024,Everton,Nott'm Forest,2,0,H,1.0,0.0,H,A Taylor,7.0,8.0,4.0,3.0,15.0,9.0,6.0,4.0,3.0,2.0,0.0,0.0,2.05,3.5,3.6,,,,,,,,,,,,,,,,,,,,,,,,,,,,,,,,,,,,,,,,,,,,,,2023-24
E0,21/04/2024,Aston Villa,Bournemouth,3,1,H,1.0,1.0,D,T Robinson,14.0,14.0,4.0,6.0,8.0,14.0,8.0,4.0,1.0,3.0,0.0,0.0,1.85,4.0,3.6,,,,,,,,,,,,,,,,,,,,,,,,,,,,,,,,,,,,,,,,,,,,,,2023-24
E0,21/04/2024,Crystal Palace,West Ham,5,2,H,4.0,1.0,H,G Scott,18.0,4.0,7.0,1.0,9.0,9.0,4.0,0.0,3.0,2.0,0.0,0.0,2.1,3.6,3.4,,,,,,,,,,,,,,,,,,,,,,,,,,,,,,,,,,,,,,,,,,,,,,2023-24
E0,21/04/2024,Fulham,Liverpool,1,3,A,1.0,1.0,D,C Pawson,12.0,14.0,5.0,7.0,5.0,11.0,1.0,4.0,3.0,0.0,0.0,0.0,5.25,4.5,1.57,,,,,,,,,,,,,,,,,,,,,,,,,,,,,,,,,,,,,,,,,,,,,,2023-24
E0,23/04/2024,Arsenal,Chelsea,5,0,H,1.0,0.0,H,S Hooper,27.0,7.0,10.0,1.0,12.0,11.0,4.0,2.0,2.0,2.0,0.0,0.0,1.44,5.0,6.0,,,,,,,,,,,,,,,,,,,,,,,,,,,,,,,,,,,,,,,,,,,,,,2023-24
E0,24/04/2024,Wolves,Bournemouth,0,1,A,0.0,1.0,A,S Attwell,15.0,21.0,4.0,6.0,10.0,17.0,8.0,12.0,4.0,1.0,0.0,1.0,2.7,3.6,2.5,,,,,,,,,,,,,,,,,,,,,,,,,,,,,,,,,,,,,,,,,,,,,,2023-24
E0,24/04/2024,Crystal Palace,Newcastle,2,0,H,0.0,0.0,D,T Bramall,20.0,7.0,7.0,2.0,10.0,15.0,7.0,2.0,3.0,3.0,0.0,0.0,2.75,3.6,2.4,,,,,,,,,,,,,,,,,,,,,,,,,,,,,,,,,,,,,,,,,,,,,,2023-24
E0,24/04/2024,Everton,Liverpool,2,0,H,1.0,0.0,H,A Madley,16.0,23.0,6.0,7.0,6.0,13.0,4.0,13.0,0.0,3.0,0.0,0.0,7.0,5.0,1.4,,,,,,,,,,,,,,,,,,,,,,,,,,,,,,,,,,,,,,,,,,,,,,2023-24
E0,24/04/2024,Man United,Sheffield United,4,2,H,1.0,1.0,D,M Salisbury,25.0,10.0,13.0,4.0,7.0,9.0,9.0,4.0,0.0,1.0,0.0,0.0,1.3,6.5,7.5,,,,,,,,,,,,,,,,,,,,,,,,,,,,,,,,,,,,,,,,,,,,,,2023-24
E0,25/04/2024,Brighton,Man City,0,4,A,0.0,3.0,A,J Gillett,7.0,14.0,3.0,6.0,10.0,3.0,4.0,4.0,2.0,0.0,0.0,0.0,6.5,5.0,1.4,,,,,,,,,,,,,,,,,,,,,,,,,,,,,,,,,,,,,,,,,,,,,,2023-24
E0,27/04/2024,West Ham,Liverpool,2,2,D,1.0,0.0,H,A Taylor,11.0,28.0,8.0,8.0,8.0,10.0,5.0,8.0,0.0,2.0,0.0,0.0,5.5,5.0,1.5,,,,,,,,,,,,,,,,,,,,,,,,,,,,,,,,,,,,,,,,,,,,,,2023-24
E0,27/04/2024,Fulham,Crystal Palace,1,1,D,0.0,0.0,D,S Attwell,9.0,14.0,2.0,4.0,11.0,15.0,5.0,9.0,0.0,2.0,0.0,0.0,2.1,3.5,3.5,,,,,,,,,,,,,,,,,,,,,,,,,,,,,,,,,,,,,,,,,,,,,,2023-24
E0,27/04/2024,Man United,Burnley,1,1,D,0.0,0.0,D,J Brooks,27.0,16.0,10.0,7.0,7.0,11.0,6.0,5.0,1.0,3.0,0.0,0.0,1.5,4.75,5.5,,,,,,,,,,,,,,,,,,,,,,,,,,,,,,,,,,,,,,,,,,,,,,2023-24
E0,27/04/2024,Newcastle,Sheffield United,5,1,H,1.0,1.0,D,T Harrington,20.0,15.0,7.0,5.0,9.0,10.0,4.0,5.0,0.0,0.0,0.0,0.0,1.22,7.0,11.0,,,,,,,,,,,,,,,,,,,,,,,,,,,,,,,,,,,,,,,,,,,,,,2023-24
E0,27/04/2024,Wolves,Luton,2,1,H,1.0,0.0,H,D Coote,13.0,9.0,5.0,6.0,14.0,14.0,4.0,4.0,3.0,1.0,0.0,0.0,1.95,3.8,3.6,,,,,,,,,,,,,,,,,,,,,,,,,,,,,,,,,,,,,,,,,,,,,,2023-24
E0,27/04/2024,Everton,Brentford,1,0,H,0.0,0.0,D,D England,18.0,10.0,1.0,4.0,10.0,12.0,6.0,6.0,1.0,2.0,0.0,0.0,2.3,3.5,3.0,,,,,,,,,,,,,,,,,,,,,,,,,,,,,,,,,,,,,,,,,,,,,,2023-24
E0,27/04/2024,Aston Villa,Chelsea,2,2,D,2.0,0.0,H,C Pawson,9.0,21.0,4.0,5.0,13.0,14.0,2.0,4.0,3.0,5.0,0.0,0.0,2.15,3.8,3.0,,,,,,,,,,,,,,,,,,,,,,,,,,,,,,,,,,,,,,,,,,,,,,2023-24
E0,28/04/2024,Bournemouth,Brighton,3,0,H,1.0,0.0,H,P Tierney,15.0,13.0,6.0,1.0,14.0,10.0,8.0,2.0,2.0,2.0,0.0,0.0,2.25,3.8,2.9,,,,,,,,,,,,,,,,,,,,,,,,,,,,,,,,,,,,,,,,,,,,,,2023-24
E0,28/04/2024,Tottenham,Arsenal,2,3,A,0.0,3.0,A,M Oliver,14.0,9.0,2.0,3.0,12.0,16.0,8.0,6.0,2.0,1.0,0.0,0.0,4.2,4.2,1.75,,,,,,,,,,,,,,,,,,,,,,,,,,,,,,,,,,,,,,,,,,,,,,2023-24
E0,28/04/2024,Nott'm Forest,Man City,0,2,A,0.0,1.0,A,S Hooper,14.0,11.0,2.0,5.0,8.0,6.0,4.0,5.0,0.0,0.0,0.0,0.0,8.0,6.0,1.3,,,,,,,,,,,,,,,,,,,,,,,,,,,,,,,,,,,,,,,,,,,,,,2023-24
E0,02/05/2024,Chelsea,Tottenham,2,0,H,1.0,0.0,H,R Jones,16.0,19.0,5.0,3.0,12.0,16.0,4.0,9.0,0.0,1.0,0.0,0.0,2.15,3.8,3.0,,,,,,,,,,,,,,,,,,,,,,,,,,,,,,,,,,,,,,,,,,,,,,2023-24
E0,03/05/2024,Luton,Everton,1,1,D,1.0,1.0,D,T Robinson,18.0,10.0,5.0,3.0,14.0,12.0,8.0,7.0,1.0,3.0,0.0,0.0,2.6,3.6,2.55,,,,,,,,,,,,,,,,,,,,,,,,,,,,,,,,,,,,,,,,,,,,,,2023-24
E0,04/05/2024,Arsenal,Bournemouth,3,0,H,1.0,0.0,H,D Coote,25.0,7.0,9.0,2.0,16.0,12.0,6.0,1.0,2.0,3.0,0.0,0.0,1.22,7.5,11.0,,,,,,,,,,,,,,,,,,,,,,,,,,,,,,,,,,,,,,,,,,,,,,2023-24
E0,04/05/2024,Brentford,Fulham,0,0,D,0.0,0.0,D,G Scott,7.0,15.0,3.0,3.0,3.0,6.0,7.0,6.0,1.0,1.0,0.0,0.0,2.1,3.8,3.2,,,,,,,,,,,,,,,,,,,,,,,,,,,,,,,,,,,,,,,,,,,,,,2023-24
E0,04/05/2024,Burnley,Newcastle,1,4,A,0.0,3.0,A,A Taylor,17.0,23.0,5.0,11.0,8.0,8.0,4.0,11.0,2.0,2.0,0.0,0.0,3.4,4.0,1.95,,,,,,,,,,,,,,,,,,,,,,,,,,,,,,,,,,,,,,,,,,,,,,2023-24
E0,04/05/2024,Sheffield United,Nott'm Forest,1,3,A,1.0,1.0,D,C Kavanagh,17.0,15.0,5.0,4.0,9.0,7.0,5.0,3.0,0.0,1.0,1.0,0.0,4.75,4.2,1.65,,,,,,,,,,,,,,,,,,,,,,,,,,,,,,,,,,,,,,,,,,,,,,2023-24
E0,04/05/2024,Man City,Wolves,5,1,H,3.0,0.0,H,C Pawson,20.0,2.0,12.0,1.0,4.0,17.0,6.0,0.0,0.0,4.0,0.0,0.0,1.08,12.0,21.0,,,,,,,,,,,,,,,,,,,,,,,,,,,,,,,,,,,,,,,,,,,,,,2023-24
E0,05/05/2024,Brighton,Aston Villa,1,0,H,0.0,0.0,D,R Jones,15.0,2.0,8.0,1.0,13.0,10.0,7.0,3.0,2.0,1.0,0.0,0.0,2.75,3.75,2.45,,,,,,,,,,,,,,,,,,,,,,,,,,,,,,,,,,,,,,,,,,,,,,2023-24
E0,05/05/2024,Chelsea,West Ham,5,0,H,3.0,0.0,H,A Madley,25.0,13.0,14.0,2.0,12.0,10.0,8.0,6.0,1.0,3.0,0.0,0.0,1.65,4.5,4.5,,,,,,,,,,,,,,,,,,,,,,,,,,,,,,,,,,,,,,,,,,,,,,2023-24
E0,05/05/2024,Liverpool,Tottenham,4,2,H,2.0,0.0,H,P Tierney,25.0,11.0,13.0,6.0,14.0,12.0,8.0,3.0,1.0,4.0,0.0,0.0,1.5,5.75,5.0,,,,,,,,,,,,,,,,,,,,,,,,,,,,,,,,,,,,,,,,,,,,,,2023-24
E0,06/05/2024,Crystal Palace,Man United,4,0,H,2.0,0.0,H,J Gillett ,18.0,7.0,10.0,2.0,12.0,8.0,6.0,3.0,1.0,1.0,0.0,0.0,2.38,3.75,2.8,,,,,,,,,,,,,,,,,,,,,,,,,,,,,,,,,,,,,,,,,,,,,,2023-24
E0,11/05/2024,Fulham,Man City,0,4,A,0.0,1.0,A,A Taylor,1.0,16.0,1.0,9.0,9.0,6.0,1.0,7.0,1.0,0.0,1.0,0.0,13.0,7.0,1.2,,,,,,,,,,,,,,,,,,,,,,,,,,,,,,,,,,,,,,,,,,,,,,2023-24
E0,11/05/2024,Bournemouth,Brentford,1,2,A,0.0,0.0,D,M Donohue,13.0,11.0,4.0,5.0,16.0,12.0,3.0,8.0,2.0,2.0,0.0,0.0,1.95,4.0,3.5,,,,,,,,,,,,,,,,,,,,,,,,,,,,,,,,,,,,,,,,,,,,,,2023-24
E0,11/05/2024,Everton,Sheffield United,1,0,H,1.0,0.0,H,S Attwell,15.0,13.0,6.0,1.0,6.0,11.0,3.0,6.0,1.0,2.0,0.0,0.0,1.4,4.8,7.5,,,,,,,,,,,,,,,,,,,,,,,,,,,,,,,,,,,,,,,,,,,,,,2023-24
E0,11/05/2024,Newcastle,Brighton,1,1,D,1.0,1.0,D,D England,18.0,15.0,7.0,4.0,9.0,16.0,8.0,4.0,3.0,4.0,0.0,0.0,1.57,4.75,4.75,,,,,,,,,,,,,,,,,,,,,,,,,,,,,,,,,,,,,,,,,,,,,,2023-24
E0,11/05/2024,Tottenham,Burnley,2,1,H,1.0,1.0,D,J Gillett,21.0,7.0,9.0,3.0,10.0,14.0,9.0,3.0,3.0,5.0,0.0,0.0,1.36,5.75,7.0,,,,,,,,,,,,,,,,,,,,,,,,,,,,,,,,,,,,,,,,,,,,,,2023-24
E0,11/05/2024,West Ham,Luton,3,1,H,0.0,1.0,A,M Oliver,24.0,4.0,8.0,1.0,9.0,15.0,7.0,6.0,1.0,3.0,0.0,0.0,1.8,4.2,3.8,,,,,,,,,,,,,,,,,,,,,,,,,,,,,,,,,,,,,,,,,,,,,,2023-24
E0,11/05/2024,Wolves,Crystal Palace,1,3,A,0.0,2.0,A,T Bramall,13.0,13.0,7.0,3.0,13.0,12.0,8.0,3.0,3.0,2.0,0.0,1.0,2.88,3.5,2.38,,,,,,,,,,,,,,,,,,,,,,,,,,,,,,,,,,,,,,,,,,,,,,2023-24
E0,11/05/2024,Nott'm Forest,Chelsea,2,3,A,1.0,1.0,D,T Harrington,20.0,12.0,4.0,5.0,14.0,8.0,5.0,6.0,2.0,3.0,0.0,0.0,3.4,3.8,2.0,,,,,,,,,,,,,,,,,,,,,,,,,,,,,,,,,,,,,,,,,,,,,,2023-24
E0,12/05/2024,Man United,Arsenal,0,1,A,0.0,1.0,A,P Tierney,14.0,11.0,2.0,5.0,5.0,6.0,4.0,7.0,0.0,2.0,0.0,0.0,7.0,5.5,1.36,,,,,,,,,,,,,,,,,,,,,,,,,,,,,,,,,,,,,,,,,,,,,,2023-24
E0,13/05/2024,Aston Villa,Liverpool,3,3,D,1.0,2.0,A,S Hooper,19.0,14.0,5.0,7.0,11.0,15.0,5.0,4.0,1.0,1.0,0.0,0.0,4.2,4.33,1.7,,,,,,,,,,,,,,,,,,,,,,,,,,,,,,,,,,,,,,,,,,,,,,2023-24
E0,14/05/2024,Tottenham,Man City,0,2,A,0.0,0.0,D,C Kavanagh,10.0,8.0,5.0,5.0,14.0,11.0,7.0,4.0,3.0,3.0,0.0,0.0,6.5,6.0,1.36,,,,,,,,,,,,,,,,,,,,,,,,,,,,,,,,,,,,,,,,,,,,,,2023-24
E0,15/05/2024,Brighton,Chelsea,1,2,A,0.0,1.0,A,M Salisbury,12.0,13.0,2.0,6.0,13.0,14.0,4.0,6.0,2.0,2.0,0.0,1.0,3.3,4.0,1.95,,,,,,,,,,,,,,,,,,,,,,,,,,,,,,,,,,,,,,,,,,,,,,2023-24
E0,15/05/2024,Man United,Newcastle,3,2,H,1.0,0.0,H,R Jones,17.0,21.0,8.0,8.0,16.0,7.0,9.0,9.0,3.0,3.0,0.0,0.0,2.75,4.0,2.3,,,,,,,,,,,,,,,,,,,,,,,,,,,,,,,,,,,,,,,,,,,,,,2023-24
E0,19/05/2024,Arsenal,Everton,2,1,H,1.0,1.0,D,M Oliver,26.0,5.0,5.0,2.0,8.0,11.0,8.0,1.0,4.0,3.0,0.0,0.0,1.18,8.0,12.0,,,,,,,,,,,,,,,,,,,,,,,,,,,,,,,,,,,,,,,,,,,,,,2023-24
E0,19/05/2024,Brentford,Newcastle,2,4,A,0.0,3.0,A,S Hooper,10.0,12.0,5.0,7.0,15.0,11.0,3.0,0.0,4.0,4.0,0.0,0.0,2.9,3.9,2.2,,,,,,,,,,,,,,,,,,,,,,,,,,,,,,,,,,,,,,,,,,,,,,2023-24
E0,19/05/2024,Brighton,Man United,0,2,A,0.0,0.0,D,C Pawson,17.0,11.0,3.0,4.0,10.0,9.0,7.0,5.0,1.0,3.0,0.0,0.0,2.15,4.0,2.9,,,,,,,,,,,,,,,,,,,,,,,,,,,,,,,,,,,,,,,,,,,,,,2023-24
E0,19/05/2024,Burnley,Nott'm Forest,1,2,A,0.0,2.0,A,G Scott,20.0,12.0,3.0,6.0,11.0,5.0,4.0,3.0,1.0,0.0,0.0,0.0,3.0,3.5,2.3,,,,,,,,,,,,,,,,,,,,,,,,,,,,,,,,,,,,,,,,,,,,,,2023-24
E0,19/05/2024,Chelsea,Bournemouth,2,1,H,1.0,0.0,H,A Taylor,16.0,22.0,6.0,5.0,5.0,9.0,6.0,5.0,2.0,3.0,0.0,0.0,1.45,5.0,6.0,,,,,,,,,,,,,,,,,,,,,,,,,,,,,,,,,,,,,,,,,,,,,,2023-24
E0,19/05/2024,Crystal Palace,Aston Villa,5,0,H,2.0,0.0,H,D Bond,15.0,8.0,9.0,2.0,10.0,8.0,2.0,4.0,1.0,4.0,0.0,0.0,1.85,4.33,3.6,,,,,,,,,,,,,,,,,,,,,,,,,,,,,,,,,,,,,,,,,,,,,,2023-24
E0,19/05/2024,Liverpool,Wolves,2,0,H,2.0,0.0,H,C Kavanagh,36.0,4.0,14.0,3.0,14.0,11.0,10.0,2.0,1.0,1.0,0.0,1.0,1.17,8.0,15.0,,,,,,,,,,,,,,,,,,,,,,,,,,,,,,,,,,,,,,,,,,,,,,2023-24
E0,19/05/2024,Luton,Fulham,2,4,A,1.0,2.0,A,M Donohue,15.0,15.0,6.0,7.0,15.0,20.0,4.0,4.0,5.0,4.0,0.0,0.0,2.9,3.9,2.2,,,,,,,,,,,,,,,,,,,,,,,,,,,,,,,,,,,,,,,,,,,,,,2023-24
E0,19/05/2024,Man City,West Ham,3,1,H,2.0,1.0,H,J Brooks,28.0,3.0,12.0,2.0,3.0,12.0,11.0,2.0,0.0,1.0,0.0,0.0,1.08,12.0,21.0,,,,,,,,,,,,,,,,,,,,,,,,,,,,,,,,,,,,,,,,,,,,,,2023-24
E0,19/05/2024,Sheffield United,Tottenham,0,3,A,0.0,1.0,A,A Madley,6.0,18.0,1.0,9.0,11.0,9.0,2.0,6.0,2.0,0.0,0.0,0.0,7.0,6.0,1.33,,,,,,,,,,,,,,,,,,,,,,,,,,,,,,,,,,,,,,,,,,,,,,2023-24
